"Name","FullPath","Directory","Extension","SizeKB","Created","Modified","MatchedKeywords","ActionNeeded","SafetyStatus"
"AlgoTradez_AI-OS_Roadmap.csv","C:\Users\mylab\Downloads\AlgoTradez_AI-OS_Roadmap.csv","C:\Users\mylab\Downloads",".csv","5.64","4/27/2026 4:28:11 PM","4/27/2026 4:28:11 PM","AI-OS","REVIEW_ONLY","NO_MOVE_NO_DELETE_NO_EDIT"
"AlgoTradez_AI-OS_Roadmap_1.csv","C:\Users\mylab\Downloads\AlgoTradez_AI-OS_Roadmap_1.csv","C:\Users\mylab\Downloads",".csv","5.64","4/27/2026 4:32:22 PM","4/27/2026 4:32:22 PM","AI-OS","REVIEW_ONLY","NO_MOVE_NO_DELETE_NO_EDIT"
"whitepaper.pdf","C:\Users\mylab\Downloads\whitepaper.pdf","C:\Users\mylab\Downloads",".pdf","5.45","3/24/2026 4:39:14 PM","3/24/2026 4:39:16 PM","whitepaper","REVIEW_ONLY","NO_MOVE_NO_DELETE_NO_EDIT"
"app.py","C:\Users\mylab\OneDrive\AI-OS-Project\_REVIEW\Desktop_Ai_Os_Stale\app.py","C:\Users\mylab\OneDrive\AI-OS-Project\_REVIEW\Desktop_Ai_Os_Stale",".py","1.66","5/1/2026 5:30:14 PM","5/1/2026 7:31:27 PM","AI_OS; AI-OS","REVIEW_ONLY","NO_MOVE_NO_DELETE_NO_EDIT"
"deploy.zip","C:\Users\mylab\OneDrive\AI-OS-Project\_REVIEW\Desktop_Ai_Os_Stale\deploy.zip","C:\Users\mylab\OneDrive\AI-OS-Project\_REVIEW\Desktop_Ai_Os_Stale",".zip","23732.12","5/1/2026 5:10:22 PM","5/1/2026 8:01:54 PM","AI_OS; AI-OS","REVIEW_ONLY","NO_MOVE_NO_DELETE_NO_EDIT"
"download.jpg","C:\Users\mylab\OneDrive\AI-OS-Project\_REVIEW\Desktop_Ai_Os_Stale\download.jpg","C:\Users\mylab\OneDrive\AI-OS-Project\_REVIEW\Desktop_Ai_Os_Stale",".jpg","3.59","4/30/2026 4:30:16 PM","4/30/2026 4:30:16 PM","AI_OS; AI-OS","REVIEW_ONLY","NO_MOVE_NO_DELETE_NO_EDIT"
"project.manifest.json","C:\Users\mylab\OneDrive\AI-OS-Project\_REVIEW\Desktop_Ai_Os_Stale\project.manifest.json","C:\Users\mylab\OneDrive\AI-OS-Project\_REVIEW\Desktop_Ai_Os_Stale",".json","0.11","3/25/2026 4:29:24 PM","3/25/2026 4:31:11 PM","AI_OS; AI-OS","REVIEW_ONLY","NO_MOVE_NO_DELETE_NO_EDIT"
"staticwebapp.config.json","C:\Users\mylab\OneDrive\AI-OS-Project\_REVIEW\Desktop_Ai_Os_Stale\staticwebapp.config.json","C:\Users\mylab\OneDrive\AI-OS-Project\_REVIEW\Desktop_Ai_Os_Stale",".json","0.09","5/1/2026 3:29:58 PM","5/1/2026 3:29:58 PM","AI_OS; AI-OS","REVIEW_ONLY","NO_MOVE_NO_DELETE_NO_EDIT"
"AGENTS.md","C:\Users\mylab\OneDrive\AI-OS-Project\AGENTS.md","C:\Users\mylab\OneDrive\AI-OS-Project",".md","3.62","5/3/2026 7:59:26 PM","5/3/2026 8:02:07 PM","AI-OS; AGENTS.md","REVIEW_ONLY","NO_MOVE_NO_DELETE_NO_EDIT"
"dashboard.html","C:\Users\mylab\OneDrive\AI-OS-Project\Ai_Os Node\HTML\dashboard.html","C:\Users\mylab\OneDrive\AI-OS-Project\Ai_Os Node\HTML",".html","70.85","4/30/2026 1:12:42 PM","5/1/2026 8:43:31 PM","AI_OS; AI-OS","REVIEW_ONLY","NO_MOVE_NO_DELETE_NO_EDIT"
"desktop.ini","C:\Users\mylab\OneDrive\AI-OS-Project\Ai_Os Node\HTML\desktop.ini","C:\Users\mylab\OneDrive\AI-OS-Project\Ai_Os Node\HTML",".ini","0.08","5/2/2026 7:02:21 PM","5/2/2026 7:02:21 PM","AI_OS; AI-OS","REVIEW_ONLY","NO_MOVE_NO_DELETE_NO_EDIT"
"README.html","C:\Users\mylab\OneDrive\AI-OS-Project\Ai_Os Node\HTML\README.html","C:\Users\mylab\OneDrive\AI-OS-Project\Ai_Os Node\HTML",".html","24.6","5/2/2026 10:32:13 AM","5/2/2026 10:32:13 AM","AI_OS; AI-OS","REVIEW_ONLY","NO_MOVE_NO_DELETE_NO_EDIT"
"AIOS_Inventory_Only_v1.ps1","C:\Users\mylab\OneDrive\AI-OS-Project\AIOS_Inventory_Only_v1.ps1","C:\Users\mylab\OneDrive\AI-OS-Project",".ps1","3.69","5/4/2026 4:20:46 PM","5/4/2026 4:20:46 PM","AIOS; AI-OS","REVIEW_ONLY","NO_MOVE_NO_DELETE_NO_EDIT"
"AlgoTradez_IncidentReport_2026-05-01.csv","C:\Users\mylab\OneDrive\AI-OS-Project\backtest_results\Reports\may 2026\Postmortem\AlgoTradez_IncidentReport_2026-05-01.csv","C:\Users\mylab\OneDrive\AI-OS-Project\backtest_results\Reports\may 2026\Postmortem",".csv","9.05","5/1/2026 5:54:09 PM","5/1/2026 5:54:09 PM","AI-OS","REVIEW_ONLY","NO_MOVE_NO_DELETE_NO_EDIT"
"CONFUSION(APPS GONE)WORNG ORDER.txt","C:\Users\mylab\OneDrive\AI-OS-Project\backtest_results\Reports\may 2026\Postmortem\CONFUSION(APPS GONE)WORNG ORDER.txt","C:\Users\mylab\OneDrive\AI-OS-Project\backtest_results\Reports\may 2026\Postmortem",".txt","84.91","5/1/2026 4:19:01 PM","5/1/2026 4:19:01 PM","AI-OS","REVIEW_ONLY","NO_MOVE_NO_DELETE_NO_EDIT"
"SITREP_AI_OS_Consolidation_2026-05-02.md","C:\Users\mylab\OneDrive\AI-OS-Project\backtest_results\Reports\may 2026\SITREP\SITREP_AI_OS_Consolidation_2026-05-02.md","C:\Users\mylab\OneDrive\AI-OS-Project\backtest_results\Reports\may 2026\SITREP",".md","6.04","5/2/2026 8:57:32 AM","5/2/2026 8:57:33 AM","AI_OS; AI-OS","REVIEW_ONLY","NO_MOVE_NO_DELETE_NO_EDIT"
"AlgoTradez_DailyProgress_2026-05-02.csv","C:\Users\mylab\OneDrive\AI-OS-Project\backtest_results\Reports\may 2026\WEEK 1\AlgoTradez_DailyProgress_2026-05-02.csv","C:\Users\mylab\OneDrive\AI-OS-Project\backtest_results\Reports\may 2026\WEEK 1",".csv","3.2","5/2/2026 4:18:10 PM","5/2/2026 8:57:56 AM","AI-OS","REVIEW_ONLY","NO_MOVE_NO_DELETE_NO_EDIT"
"AlgoTradez_DailyProgress_2026-05-02.xlsx","C:\Users\mylab\OneDrive\AI-OS-Project\backtest_results\Reports\may 2026\WEEK 1\AlgoTradez_DailyProgress_2026-05-02.xlsx","C:\Users\mylab\OneDrive\AI-OS-Project\backtest_results\Reports\may 2026\WEEK 1",".xlsx","9.4","5/2/2026 4:18:10 PM","5/1/2026 9:07:46 PM","AI-OS","REVIEW_ONLY","NO_MOVE_NO_DELETE_NO_EDIT"
"AlgoTradez_DailyReport_2026-05-01.csv","C:\Users\mylab\OneDrive\AI-OS-Project\backtest_results\Reports\may 2026\WEEK 1\AlgoTradez_DailyReport_2026-05-01.csv","C:\Users\mylab\OneDrive\AI-OS-Project\backtest_results\Reports\may 2026\WEEK 1",".csv","2.35","5/2/2026 4:18:10 PM","5/1/2026 1:33:37 AM","AI-OS","REVIEW_ONLY","NO_MOVE_NO_DELETE_NO_EDIT"
"AlgoTradez_Session_Log_2026-04-30-1.xlsx","C:\Users\mylab\OneDrive\AI-OS-Project\backtest_results\Reports\may 2026\WEEK 1\AlgoTradez_Session_Log_2026-04-30-1.xlsx","C:\Users\mylab\OneDrive\AI-OS-Project\backtest_results\Reports\may 2026\WEEK 1",".xlsx","15.07","5/2/2026 4:18:10 PM","5/1/2026 2:23:07 AM","AI-OS","REVIEW_ONLY","NO_MOVE_NO_DELETE_NO_EDIT"
"TradingEngineV1.zip","C:\Users\mylab\OneDrive\AI-OS-Project\backups\TradingEngineV1.zip","C:\Users\mylab\OneDrive\AI-OS-Project\backups",".zip","10.61","5/2/2026 7:43:16 AM","5/2/2026 7:43:16 AM","AI-OS","REVIEW_ONLY","NO_MOVE_NO_DELETE_NO_EDIT"
"CODEX_TASK.txt","C:\Users\mylab\OneDrive\AI-OS-Project\CODEX_TASK.txt","C:\Users\mylab\OneDrive\AI-OS-Project",".txt","0.32","5/3/2026 7:57:50 PM","5/3/2026 7:57:50 PM","AI-OS","REVIEW_ONLY","NO_MOVE_NO_DELETE_NO_EDIT"
"AAR_AI_OS_Consolidation_2026-05-02.md","C:\Users\mylab\OneDrive\AI-OS-Project\control\AAR\AAR_AI_OS_Consolidation_2026-05-02.md","C:\Users\mylab\OneDrive\AI-OS-Project\control\AAR",".md","1.64","5/2/2026 8:56:58 AM","5/2/2026 8:56:58 AM","AI_OS; AI-OS; AAR","REVIEW_ONLY","NO_MOVE_NO_DELETE_NO_EDIT"
"AI-OS_MORNING_EXECUTION_PACKET.md","C:\Users\mylab\OneDrive\AI-OS-Project\control\AI-OS_MORNING_EXECUTION_PACKET.md","C:\Users\mylab\OneDrive\AI-OS-Project\control",".md","3.46","5/2/2026 4:49:34 PM","5/2/2026 7:23:54 PM","AI-OS","REVIEW_ONLY","NO_MOVE_NO_DELETE_NO_EDIT"
"desktop.ini","C:\Users\mylab\OneDrive\AI-OS-Project\control\desktop.ini","C:\Users\mylab\OneDrive\AI-OS-Project\control",".ini","0.08","5/2/2026 7:11:23 PM","5/2/2026 7:11:23 PM","AI-OS","REVIEW_ONLY","NO_MOVE_NO_DELETE_NO_EDIT"
"AI-OS_EOD_PROMPT.md","C:\Users\mylab\OneDrive\AI-OS-Project\control\EOD prompt\AI-OS_EOD_PROMPT.md","C:\Users\mylab\OneDrive\AI-OS-Project\control\EOD prompt",".md","2.06","5/2/2026 7:24:25 PM","5/3/2026 9:25:12 PM","AI-OS","REVIEW_ONLY","NO_MOVE_NO_DELETE_NO_EDIT"
"README[5.2.26].md","C:\Users\mylab\OneDrive\AI-OS-Project\control\MarkDown\README[5.2.26].md","C:\Users\mylab\OneDrive\AI-OS-Project\control\MarkDown",".md","11.98","5/2/2026 10:22:43 AM","5/2/2026 3:53:12 PM","AI-OS","REVIEW_ONLY","NO_MOVE_NO_DELETE_NO_EDIT"
"AAR_AI_OS_Consolidation_2026-05-02.md","C:\Users\mylab\OneDrive\AI-OS-Project\daily-progress\daily progress\AAR_AI_OS_Consolidation_2026-05-02.md","C:\Users\mylab\OneDrive\AI-OS-Project\daily-progress\daily progress",".md","1.64","5/2/2026 5:04:49 PM","5/2/2026 8:56:58 AM","AI_OS; AI-OS; AAR","REVIEW_ONLY","NO_MOVE_NO_DELETE_NO_EDIT"
"AI-OS_EOD_PROGRESS_LOG.csv.xlsx","C:\Users\mylab\OneDrive\AI-OS-Project\daily-progress\daily progress\AI-OS_EOD_PROGRESS_LOG.csv.xlsx","C:\Users\mylab\OneDrive\AI-OS-Project\daily-progress\daily progress",".xlsx","11.22","5/2/2026 8:03:20 PM","5/2/2026 8:05:00 PM","AI-OS","REVIEW_ONLY","NO_MOVE_NO_DELETE_NO_EDIT"
"AI-OS_EOD_PROGRESS_LOG.xlsx","C:\Users\mylab\OneDrive\AI-OS-Project\daily-progress\daily progress\AI-OS_EOD_PROGRESS_LOG.xlsx","C:\Users\mylab\OneDrive\AI-OS-Project\daily-progress\daily progress",".xlsx","13.99","5/2/2026 8:12:02 PM","5/3/2026 9:20:06 PM","AI-OS","REVIEW_ONLY","NO_MOVE_NO_DELETE_NO_EDIT"
"AlgoTradez_Progress_Apr28_2026.csv","C:\Users\mylab\OneDrive\AI-OS-Project\daily-progress\daily progress\AlgoTradez_Progress_Apr28_2026.csv","C:\Users\mylab\OneDrive\AI-OS-Project\daily-progress\daily progress",".csv","2.02","5/2/2026 4:18:10 PM","4/28/2026 7:38:05 PM","AI-OS","REVIEW_ONLY","NO_MOVE_NO_DELETE_NO_EDIT"
"desktop.ini","C:\Users\mylab\OneDrive\AI-OS-Project\daily-progress\daily progress\desktop.ini","C:\Users\mylab\OneDrive\AI-OS-Project\daily-progress\daily progress",".ini","0.21","5/2/2026 8:49:51 PM","5/2/2026 8:49:51 PM","AI-OS","REVIEW_ONLY","NO_MOVE_NO_DELETE_NO_EDIT"
"desktop.ini","C:\Users\mylab\OneDrive\AI-OS-Project\daily-progress\desktop.ini","C:\Users\mylab\OneDrive\AI-OS-Project\daily-progress",".ini","0.21","5/2/2026 7:00:51 PM","5/2/2026 8:47:40 PM","AI-OS","REVIEW_ONLY","NO_MOVE_NO_DELETE_NO_EDIT"
"desktop.ini","C:\Users\mylab\OneDrive\AI-OS-Project\desktop.ini","C:\Users\mylab\OneDrive\AI-OS-Project",".ini","0.32","5/2/2026 6:24:32 PM","5/2/2026 8:46:33 PM","AI-OS","REVIEW_ONLY","NO_MOVE_NO_DELETE_NO_EDIT"
"AGENTS.md","C:\Users\mylab\OneDrive\AI-OS-Project\docs\AI_OS\AGENTS.md","C:\Users\mylab\OneDrive\AI-OS-Project\docs\AI_OS",".md","2.49","5/4/2026 11:27:47 AM","5/4/2026 2:12:53 PM","AI_OS; AI-OS; AGENTS.md","REVIEW_ONLY","NO_MOVE_NO_DELETE_NO_EDIT"
"SYSTEM_LEVEL_AI_WIZARDS.md","C:\Users\mylab\OneDrive\AI-OS-Project\docs\AI_OS\architecture\SYSTEM_LEVEL_AI_WIZARDS.md","C:\Users\mylab\OneDrive\AI-OS-Project\docs\AI_OS\architecture",".md","0.92","5/3/2026 5:51:43 PM","5/3/2026 5:51:43 PM","AI_OS; AI-OS","REVIEW_ONLY","NO_MOVE_NO_DELETE_NO_EDIT"
"00_AI_OS_DAILY_CONTEXT_PROMPT.txt","C:\Users\mylab\OneDrive\AI-OS-Project\docs\AI_OS\DAILY_CONTEXT_PACK\00_AI_OS_DAILY_CONTEXT_PROMPT.txt","C:\Users\mylab\OneDrive\AI-OS-Project\docs\AI_OS\DAILY_CONTEXT_PACK",".txt","1.83","5/3/2026 6:56:29 PM","5/3/2026 7:01:37 PM","AI_OS; AI-OS","REVIEW_ONLY","NO_MOVE_NO_DELETE_NO_EDIT"
"README_DAILY_CONTEXT_PACK_USE_CASE.txt","C:\Users\mylab\OneDrive\AI-OS-Project\docs\AI_OS\DAILY_CONTEXT_PACK\README_DAILY_CONTEXT_PACK_USE_CASE.txt","C:\Users\mylab\OneDrive\AI-OS-Project\docs\AI_OS\DAILY_CONTEXT_PACK",".txt","1.48","5/3/2026 9:06:09 PM","5/3/2026 9:06:52 PM","AI_OS; AI-OS","REVIEW_ONLY","NO_MOVE_NO_DELETE_NO_EDIT"
"CHECKPOINT_AND_STAGE_COMPLETION_RULES.txt","C:\Users\mylab\OneDrive\AI-OS-Project\docs\AI_OS\policies\CHECKPOINT_AND_STAGE_COMPLETION_RULES.txt","C:\Users\mylab\OneDrive\AI-OS-Project\docs\AI_OS\policies",".txt","3.8","5/3/2026 6:44:29 PM","5/3/2026 6:45:30 PM","AI_OS; AI-OS","REVIEW_ONLY","NO_MOVE_NO_DELETE_NO_EDIT"
"DATA_INTEGRITY_AND_CORRUPTION_PREVENTION_RULES.txt","C:\Users\mylab\OneDrive\AI-OS-Project\docs\AI_OS\policies\DATA_INTEGRITY_AND_CORRUPTION_PREVENTION_RULES.txt","C:\Users\mylab\OneDrive\AI-OS-Project\docs\AI_OS\policies",".txt","0.77","5/3/2026 6:30:12 PM","5/3/2026 6:36:16 PM","AI_OS; AI-OS","REVIEW_ONLY","NO_MOVE_NO_DELETE_NO_EDIT"
"HALLUCINATION_PREVENTION_RULES.txt","C:\Users\mylab\OneDrive\AI-OS-Project\docs\AI_OS\policies\HALLUCINATION_PREVENTION_RULES.txt","C:\Users\mylab\OneDrive\AI-OS-Project\docs\AI_OS\policies",".txt","0.64","5/3/2026 5:37:28 PM","5/3/2026 5:55:10 PM","AI_OS; AI-OS","REVIEW_ONLY","NO_MOVE_NO_DELETE_NO_EDIT"
"CREATE_INCIDENT_REPORT_PROMPT.txt","C:\Users\mylab\OneDrive\AI-OS-Project\docs\AI_OS\prompts\CREATE_INCIDENT_REPORT_PROMPT.txt","C:\Users\mylab\OneDrive\AI-OS-Project\docs\AI_OS\prompts",".txt","1.38","5/3/2026 6:38:21 PM","5/3/2026 6:38:46 PM","AI_OS; AI-OS","REVIEW_ONLY","NO_MOVE_NO_DELETE_NO_EDIT"
"00_START_HERE_AI_OS_CONTEXT_PACK.md","C:\Users\mylab\OneDrive\AI-OS-Project\docs\AI_OS\system_wizards\00_START_HERE_AI_OS_CONTEXT_PACK.md","C:\Users\mylab\OneDrive\AI-OS-Project\docs\AI_OS\system_wizards",".md","0","5/4/2026 11:24:54 AM","5/4/2026 11:24:54 AM","AI_OS; AI-OS; system_wizards","REVIEW_ONLY","NO_MOVE_NO_DELETE_NO_EDIT"
"01_CURRENT_STATE.md","C:\Users\mylab\OneDrive\AI-OS-Project\docs\AI_OS\system_wizards\01_CURRENT_STATE.md","C:\Users\mylab\OneDrive\AI-OS-Project\docs\AI_OS\system_wizards",".md","0","5/4/2026 11:24:54 AM","5/4/2026 11:25:17 AM","AI_OS; AI-OS; system_wizards","REVIEW_ONLY","NO_MOVE_NO_DELETE_NO_EDIT"
"02_CHECKPOINT.md","C:\Users\mylab\OneDrive\AI-OS-Project\docs\AI_OS\system_wizards\02_CHECKPOINT.md","C:\Users\mylab\OneDrive\AI-OS-Project\docs\AI_OS\system_wizards",".md","0","5/4/2026 11:24:54 AM","5/4/2026 11:25:34 AM","AI_OS; AI-OS; system_wizards","REVIEW_ONLY","NO_MOVE_NO_DELETE_NO_EDIT"
"03_ARCHITECTURE_LOCK.md","C:\Users\mylab\OneDrive\AI-OS-Project\docs\AI_OS\system_wizards\03_ARCHITECTURE_LOCK.md","C:\Users\mylab\OneDrive\AI-OS-Project\docs\AI_OS\system_wizards",".md","0","5/4/2026 11:24:54 AM","5/4/2026 11:25:49 AM","AI_OS; AI-OS; system_wizards","REVIEW_ONLY","NO_MOVE_NO_DELETE_NO_EDIT"
"04_AGENT_ROLES.md","C:\Users\mylab\OneDrive\AI-OS-Project\docs\AI_OS\system_wizards\04_AGENT_ROLES.md","C:\Users\mylab\OneDrive\AI-OS-Project\docs\AI_OS\system_wizards",".md","0","5/4/2026 11:24:54 AM","5/4/2026 11:26:02 AM","AI_OS; AI-OS; system_wizards","REVIEW_ONLY","NO_MOVE_NO_DELETE_NO_EDIT"
"05_RULES_AND_GUARDRAILS.md","C:\Users\mylab\OneDrive\AI-OS-Project\docs\AI_OS\system_wizards\05_RULES_AND_GUARDRAILS.md","C:\Users\mylab\OneDrive\AI-OS-Project\docs\AI_OS\system_wizards",".md","0","5/4/2026 11:24:54 AM","5/4/2026 11:26:20 AM","AI_OS; AI-OS; system_wizards","REVIEW_ONLY","NO_MOVE_NO_DELETE_NO_EDIT"
"06_PROJECT_PATHS.md","C:\Users\mylab\OneDrive\AI-OS-Project\docs\AI_OS\system_wizards\06_PROJECT_PATHS.md","C:\Users\mylab\OneDrive\AI-OS-Project\docs\AI_OS\system_wizards",".md","0","5/4/2026 11:24:54 AM","5/4/2026 11:26:40 AM","AI_OS; AI-OS; system_wizards","REVIEW_ONLY","NO_MOVE_NO_DELETE_NO_EDIT"
"07_DAILY_REPORT_PROMPT.md","C:\Users\mylab\OneDrive\AI-OS-Project\docs\AI_OS\system_wizards\07_DAILY_REPORT_PROMPT.md","C:\Users\mylab\OneDrive\AI-OS-Project\docs\AI_OS\system_wizards",".md","0","5/4/2026 11:24:54 AM","5/4/2026 11:26:50 AM","AI_OS; AI-OS; system_wizards; DAILY_REPORT","REVIEW_ONLY","NO_MOVE_NO_DELETE_NO_EDIT"
"AGENTS.md","C:\Users\mylab\OneDrive\AI-OS-Project\docs\AI_OS\system_wizards\AGENTS.md","C:\Users\mylab\OneDrive\AI-OS-Project\docs\AI_OS\system_wizards",".md","0","5/4/2026 12:05:30 PM","5/4/2026 11:27:03 AM","AI_OS; AI-OS; system_wizards; AGENTS.md","REVIEW_ONLY","NO_MOVE_NO_DELETE_NO_EDIT"
"AI_OS_FOLDER_NOTE_AUTOMATION_SPEC.txt","C:\Users\mylab\OneDrive\AI-OS-Project\docs\AI_OS\system_wizards\AI_OS_FOLDER_NOTE_AUTOMATION_SPEC.txt","C:\Users\mylab\OneDrive\AI-OS-Project\docs\AI_OS\system_wizards",".txt","7.16","5/3/2026 7:11:19 PM","5/3/2026 7:14:24 PM","AI_OS; AI-OS; system_wizards","REVIEW_ONLY","NO_MOVE_NO_DELETE_NO_EDIT"
"ai_OS_structure.csv","C:\Users\mylab\OneDrive\AI-OS-Project\docs\ai_OS_structure.csv","C:\Users\mylab\OneDrive\AI-OS-Project\docs",".csv","1109.27","5/2/2026 7:58:41 AM","5/2/2026 7:58:42 AM","AI_OS; AI-OS","REVIEW_ONLY","NO_MOVE_NO_DELETE_NO_EDIT"
"AI-OS_MASTER_GUIDELINES.md","C:\Users\mylab\OneDrive\AI-OS-Project\docs\AI-OS_MASTER_GUIDELINES.md","C:\Users\mylab\OneDrive\AI-OS-Project\docs",".md","15.31","5/2/2026 7:21:51 AM","5/2/2026 7:03:10 AM","AI-OS","REVIEW_ONLY","NO_MOVE_NO_DELETE_NO_EDIT"
"AI-OS_PROJECT_PARAMETERS.csv","C:\Users\mylab\OneDrive\AI-OS-Project\docs\AI-OS_PROJECT_PARAMETERS.csv","C:\Users\mylab\OneDrive\AI-OS-Project\docs",".csv","3.75","5/2/2026 8:10:01 AM","5/2/2026 8:10:02 AM","AI-OS","REVIEW_ONLY","NO_MOVE_NO_DELETE_NO_EDIT"
"AlgoTradez_AI-OS_Roadmap.csv","C:\Users\mylab\OneDrive\AI-OS-Project\docs\AlgoTradez_AI-OS_Roadmap.csv","C:\Users\mylab\OneDrive\AI-OS-Project\docs",".csv","5.64","4/27/2026 4:30:08 PM","4/27/2026 4:30:08 PM","AI-OS","REVIEW_ONLY","NO_MOVE_NO_DELETE_NO_EDIT"
"desktop.ini","C:\Users\mylab\OneDrive\AI-OS-Project\docs\desktop.ini","C:\Users\mylab\OneDrive\AI-OS-Project\docs",".ini","0.19","5/2/2026 6:35:26 PM","5/2/2026 6:35:48 PM","AI-OS","REVIEW_ONLY","NO_MOVE_NO_DELETE_NO_EDIT"
"SITREP_AI_OS_Consolidation_2026-05-02.md","C:\Users\mylab\OneDrive\AI-OS-Project\docs\SITREP_AI_OS_Consolidation_2026-05-02.md","C:\Users\mylab\OneDrive\AI-OS-Project\docs",".md","6.04","5/2/2026 5:03:33 PM","5/2/2026 8:57:33 AM","AI_OS; AI-OS","REVIEW_ONLY","NO_MOVE_NO_DELETE_NO_EDIT"
"White_Paper.md","C:\Users\mylab\OneDrive\AI-OS-Project\docs\White_Paper.md","C:\Users\mylab\OneDrive\AI-OS-Project\docs",".md","22.15","5/2/2026 7:21:51 AM","5/2/2026 5:06:50 AM","AI-OS","REVIEW_ONLY","NO_MOVE_NO_DELETE_NO_EDIT"
"files.zip","C:\Users\mylab\OneDrive\AI-OS-Project\files.zip","C:\Users\mylab\OneDrive\AI-OS-Project",".zip","5.28","5/2/2026 9:01:45 AM","5/2/2026 9:01:45 AM","AI-OS","REVIEW_ONLY","NO_MOVE_NO_DELETE_NO_EDIT"
"DASHBOARD_FIXES.md","C:\Users\mylab\OneDrive\AI-OS-Project\fixes_changes\DASHBOARD_FIXES.md","C:\Users\mylab\OneDrive\AI-OS-Project\fixes_changes",".md","15.36","5/2/2026 8:12:41 AM","5/2/2026 8:10:15 AM","AI-OS","REVIEW_ONLY","NO_MOVE_NO_DELETE_NO_EDIT"
"May 3, 2026 0545.txt","C:\Users\mylab\OneDrive\AI-OS-Project\fixes_changes\May 3, 2026 0545.txt","C:\Users\mylab\OneDrive\AI-OS-Project\fixes_changes",".txt","0.08","5/3/2026 9:13:47 AM","5/3/2026 5:46:04 AM","AI-OS","REVIEW_ONLY","NO_MOVE_NO_DELETE_NO_EDIT"
"aios_circle_512.png","C:\Users\mylab\OneDrive\AI-OS-Project\logo.icons\aios_circle_512.png","C:\Users\mylab\OneDrive\AI-OS-Project\logo.icons",".png","101.8","5/1/2026 3:11:21 PM","5/1/2026 3:11:21 PM","AIOS; AI-OS","REVIEW_ONLY","NO_MOVE_NO_DELETE_NO_EDIT"
"aios_node_logo_v2.svg","C:\Users\mylab\OneDrive\AI-OS-Project\logo.icons\aios_node_logo_v2.svg","C:\Users\mylab\OneDrive\AI-OS-Project\logo.icons",".svg","17.5","5/1/2026 1:58:45 PM","5/1/2026 1:58:45 PM","AIOS; AI-OS","REVIEW_ONLY","NO_MOVE_NO_DELETE_NO_EDIT"
"aios_square_vs_circle.svg","C:\Users\mylab\OneDrive\AI-OS-Project\logo.icons\aios_square_vs_circle.svg","C:\Users\mylab\OneDrive\AI-OS-Project\logo.icons",".svg","49.41","5/1/2026 3:04:38 PM","5/1/2026 3:04:39 PM","AIOS; AI-OS","REVIEW_ONLY","NO_MOVE_NO_DELETE_NO_EDIT"
"files.zip","C:\Users\mylab\OneDrive\AI-OS-Project\logo.icons\files.zip","C:\Users\mylab\OneDrive\AI-OS-Project\logo.icons",".zip","210.23","5/1/2026 3:11:16 PM","5/1/2026 3:11:16 PM","AI-OS","REVIEW_ONLY","NO_MOVE_NO_DELETE_NO_EDIT"
"aios_circle_512.png","C:\Users\mylab\OneDrive\AI-OS-Project\logo.icons\files\aios_circle_512.png","C:\Users\mylab\OneDrive\AI-OS-Project\logo.icons\files",".png","101.8","5/1/2026 7:11:06 PM","5/1/2026 3:22:13 PM","AIOS; AI-OS","REVIEW_ONLY","NO_MOVE_NO_DELETE_NO_EDIT"
"aios_logo_512.png","C:\Users\mylab\OneDrive\AI-OS-Project\logo.icons\files\aios_logo_512.png","C:\Users\mylab\OneDrive\AI-OS-Project\logo.icons\files",".png","84.01","5/1/2026 7:11:06 PM","5/1/2026 3:22:13 PM","AIOS; AI-OS","REVIEW_ONLY","NO_MOVE_NO_DELETE_NO_EDIT"
"apple-touch-icon.png","C:\Users\mylab\OneDrive\AI-OS-Project\logo.icons\files\apple-touch-icon.png","C:\Users\mylab\OneDrive\AI-OS-Project\logo.icons\files",".png","23.66","5/1/2026 7:11:06 PM","5/1/2026 3:22:13 PM","AI-OS","REVIEW_ONLY","NO_MOVE_NO_DELETE_NO_EDIT"
"favicon.ico","C:\Users\mylab\OneDrive\AI-OS-Project\logo.icons\files\favicon.ico","C:\Users\mylab\OneDrive\AI-OS-Project\logo.icons\files",".ico","0.54","5/1/2026 7:11:06 PM","5/1/2026 3:22:13 PM","AI-OS","REVIEW_ONLY","NO_MOVE_NO_DELETE_NO_EDIT"
"index.html","C:\Users\mylab\OneDrive\AI-OS-Project\logo.icons\index.html","C:\Users\mylab\OneDrive\AI-OS-Project\logo.icons",".html","10.63","4/28/2026 12:36:54 PM","4/28/2026 12:37:10 PM","AI-OS","REVIEW_ONLY","NO_MOVE_NO_DELETE_NO_EDIT"
"AI_OS_CHECKPOINT_2026-05-04_CLEAN_REPO_RECOVERY.md","C:\Users\mylab\OneDrive\AI-OS-Project\Reports\daily\AI_OS_CHECKPOINT_2026-05-04_CLEAN_REPO_RECOVERY.md","C:\Users\mylab\OneDrive\AI-OS-Project\Reports\daily",".md","0.72","5/4/2026 1:15:42 PM","5/4/2026 1:16:23 PM","AI_OS; AI-OS","REVIEW_ONLY","NO_MOVE_NO_DELETE_NO_EDIT"
"AI_OS_CHECKPOINT_2026-05-04_CODEX_GITHUB_ALIGNMENT.md","C:\Users\mylab\OneDrive\AI-OS-Project\Reports\daily\AI_OS_CHECKPOINT_2026-05-04_CODEX_GITHUB_ALIGNMENT.md","C:\Users\mylab\OneDrive\AI-OS-Project\Reports\daily",".md","1.94","5/4/2026 12:47:03 PM","5/4/2026 12:47:17 PM","AI_OS; AI-OS","REVIEW_ONLY","NO_MOVE_NO_DELETE_NO_EDIT"
"AI_OS_LOCAL_INVENTORY_2026-05-04.txt","C:\Users\mylab\OneDrive\AI-OS-Project\Reports\daily\AI_OS_LOCAL_INVENTORY_2026-05-04.txt","C:\Users\mylab\OneDrive\AI-OS-Project\Reports\daily",".txt","17","5/4/2026 12:08:32 PM","5/4/2026 12:10:37 PM","AI_OS; AI-OS","REVIEW_ONLY","NO_MOVE_NO_DELETE_NO_EDIT"
"AI_OS_REPO_ALIGNMENT_PLAN_2026-05-04.txt","C:\Users\mylab\OneDrive\AI-OS-Project\Reports\daily\AI_OS_REPO_ALIGNMENT_PLAN_2026-05-04.txt","C:\Users\mylab\OneDrive\AI-OS-Project\Reports\daily",".txt","19.74","5/4/2026 12:27:37 PM","5/4/2026 12:27:59 PM","AI_OS; AI-OS","REVIEW_ONLY","NO_MOVE_NO_DELETE_NO_EDIT"
"CODEX_REPO_MISMATCH_2026-05-04.md","C:\Users\mylab\OneDrive\AI-OS-Project\Reports\daily\CODEX_REPO_MISMATCH_2026-05-04.md","C:\Users\mylab\OneDrive\AI-OS-Project\Reports\daily",".md","1.49","5/4/2026 12:03:07 PM","5/4/2026 12:04:31 PM","AI-OS","REVIEW_ONLY","NO_MOVE_NO_DELETE_NO_EDIT"
"CURRENT_STAGE_2026-05-04.md","C:\Users\mylab\OneDrive\AI-OS-Project\Reports\daily\CURRENT_STAGE_2026-05-04.md","C:\Users\mylab\OneDrive\AI-OS-Project\Reports\daily",".md","1.34","5/4/2026 3:04:17 PM","5/4/2026 3:07:26 PM","AI-OS","REVIEW_ONLY","NO_MOVE_NO_DELETE_NO_EDIT"
"DAILY_REPORT.md","C:\Users\mylab\OneDrive\AI-OS-Project\Reports\daily\DAILY_REPORT.md","C:\Users\mylab\OneDrive\AI-OS-Project\Reports\daily",".md","0","5/3/2026 7:45:20 PM","5/3/2026 7:45:20 PM","AI-OS; DAILY_REPORT","REVIEW_ONLY","NO_MOVE_NO_DELETE_NO_EDIT"
"DAILY_REPORT_2026-05-04.md","C:\Users\mylab\OneDrive\AI-OS-Project\Reports\daily\DAILY_REPORT_2026-05-04.md","C:\Users\mylab\OneDrive\AI-OS-Project\Reports\daily",".md","1.5","5/4/2026 3:22:08 PM","5/4/2026 3:52:39 PM","AI-OS; DAILY_REPORT","REVIEW_ONLY","NO_MOVE_NO_DELETE_NO_EDIT"
"FIX6_LOCAL_PATH_CHECK_2026-05-04.txt","C:\Users\mylab\OneDrive\AI-OS-Project\Reports\daily\FIX6_LOCAL_PATH_CHECK_2026-05-04.txt","C:\Users\mylab\OneDrive\AI-OS-Project\Reports\daily",".txt","11.25","5/4/2026 2:56:39 PM","5/4/2026 2:56:39 PM","AI-OS","REVIEW_ONLY","NO_MOVE_NO_DELETE_NO_EDIT"
"FOLDER_NOTE_DRY_RUN_REPORT.txt","C:\Users\mylab\OneDrive\AI-OS-Project\Reports\daily\FOLDER_NOTE_DRY_RUN_REPORT.txt","C:\Users\mylab\OneDrive\AI-OS-Project\Reports\daily",".txt","4.87","5/3/2026 8:40:14 PM","5/3/2026 8:40:14 PM","AI-OS","REVIEW_ONLY","NO_MOVE_NO_DELETE_NO_EDIT"
"FOLDER_NOTE_DRY_RUN_REPORT_20260503_204957.txt","C:\Users\mylab\OneDrive\AI-OS-Project\Reports\daily\FOLDER_NOTE_DRY_RUN_REPORT_20260503_204957.txt","C:\Users\mylab\OneDrive\AI-OS-Project\Reports\daily",".txt","3.14","5/3/2026 8:49:57 PM","5/3/2026 8:49:57 PM","AI-OS","REVIEW_ONLY","NO_MOVE_NO_DELETE_NO_EDIT"
"GITHUB_REPO_INVENTORY_2026-05-04.txt","C:\Users\mylab\OneDrive\AI-OS-Project\Reports\daily\GITHUB_REPO_INVENTORY_2026-05-04.txt","C:\Users\mylab\OneDrive\AI-OS-Project\Reports\daily",".txt","19.15","5/4/2026 12:21:13 PM","5/4/2026 12:21:14 PM","AI-OS","REVIEW_ONLY","NO_MOVE_NO_DELETE_NO_EDIT"
"README_DAILY_REPORTS_FOLDER.txt","C:\Users\mylab\OneDrive\AI-OS-Project\Reports\daily\README_DAILY_REPORTS_FOLDER.txt","C:\Users\mylab\OneDrive\AI-OS-Project\Reports\daily",".txt","0.81","5/3/2026 6:01:06 PM","5/3/2026 6:01:27 PM","AI-OS; DAILY_REPORT","REVIEW_ONLY","NO_MOVE_NO_DELETE_NO_EDIT"
"ROOT_INVENTORY_REPORT.csv","C:\Users\mylab\OneDrive\AI-OS-Project\Reports\daily\ROOT_INVENTORY_REPORT.csv","C:\Users\mylab\OneDrive\AI-OS-Project\Reports\daily",".csv","0","5/3/2026 6:08:04 PM","5/3/2026 6:08:04 PM","AI-OS","REVIEW_ONLY","NO_MOVE_NO_DELETE_NO_EDIT"
"ROOT_INVENTORY_REPORT.txt","C:\Users\mylab\OneDrive\AI-OS-Project\Reports\daily\ROOT_INVENTORY_REPORT.txt","C:\Users\mylab\OneDrive\AI-OS-Project\Reports\daily",".txt","0.3","5/3/2026 6:08:04 PM","5/3/2026 6:08:36 PM","AI-OS","REVIEW_ONLY","NO_MOVE_NO_DELETE_NO_EDIT"
"ROOT_INVENTORY_REPORT_FIXED.csv","C:\Users\mylab\OneDrive\AI-OS-Project\Reports\daily\ROOT_INVENTORY_REPORT_FIXED.csv","C:\Users\mylab\OneDrive\AI-OS-Project\Reports\daily",".csv","0","5/3/2026 6:15:39 PM","5/3/2026 6:15:39 PM","AI-OS","REVIEW_ONLY","NO_MOVE_NO_DELETE_NO_EDIT"
"ROOT_INVENTORY_REPORT_FIXED.txt","C:\Users\mylab\OneDrive\AI-OS-Project\Reports\daily\ROOT_INVENTORY_REPORT_FIXED.txt","C:\Users\mylab\OneDrive\AI-OS-Project\Reports\daily",".txt","0.3","5/3/2026 6:15:39 PM","5/3/2026 6:16:28 PM","AI-OS","REVIEW_ONLY","NO_MOVE_NO_DELETE_NO_EDIT"
"AI_OS_SUPERVISOR_REPORT_2026-05-04.md","C:\Users\mylab\OneDrive\AI-OS-Project\Reports\daily\supervisor\AI_OS_SUPERVISOR_REPORT_2026-05-04.md","C:\Users\mylab\OneDrive\AI-OS-Project\Reports\daily\supervisor",".md","0","5/4/2026 2:39:55 PM","5/4/2026 2:40:09 PM","AI_OS; AI-OS","REVIEW_ONLY","NO_MOVE_NO_DELETE_NO_EDIT"
"Ai_Os_Reorganize.ps1","C:\Users\mylab\OneDrive\AI-OS-Project\scripts\Ai_Os_Reorganize.ps1","C:\Users\mylab\OneDrive\AI-OS-Project\scripts",".ps1","7.27","5/2/2026 9:35:41 AM","5/2/2026 9:35:41 AM","AI_OS; AI-OS","REVIEW_ONLY","NO_MOVE_NO_DELETE_NO_EDIT"
"deploy_readme.ps1","C:\Users\mylab\OneDrive\AI-OS-Project\scripts\Deployable PS1\deploy_readme.ps1","C:\Users\mylab\OneDrive\AI-OS-Project\scripts\Deployable PS1",".ps1","1.98","5/2/2026 10:33:30 AM","5/2/2026 10:33:31 AM","AI-OS","REVIEW_ONLY","NO_MOVE_NO_DELETE_NO_EDIT"
"system_wizard_v0_1.py","C:\Users\mylab\OneDrive\AI-OS-Project\src\ai_os\system_wizard\system_wizard_v0_1.py","C:\Users\mylab\OneDrive\AI-OS-Project\src\ai_os\system_wizard",".py","1.79","5/3/2026 5:51:44 PM","5/3/2026 5:51:44 PM","AI_OS; AI-OS","REVIEW_ONLY","NO_MOVE_NO_DELETE_NO_EDIT"
"AI-OS_PROJECT_TASKS.csv","C:\Users\mylab\OneDrive\AI-OS-Project\Tasks\AI-OS_PROJECT_TASKS.csv","C:\Users\mylab\OneDrive\AI-OS-Project\Tasks",".csv","3.71","5/2/2026 4:30:53 PM","5/2/2026 4:30:53 PM","AI-OS","REVIEW_ONLY","NO_MOVE_NO_DELETE_NO_EDIT"
"RUN_SYSTEM_WIZARD_V0_1.ps1","C:\Users\mylab\OneDrive\AI-OS-Project\tools\powershell\RUN_SYSTEM_WIZARD_V0_1.ps1","C:\Users\mylab\OneDrive\AI-OS-Project\tools\powershell",".ps1","0.27","5/3/2026 5:51:44 PM","5/3/2026 5:51:44 PM","AI-OS","REVIEW_ONLY","NO_MOVE_NO_DELETE_NO_EDIT"
"create_folder_purpose_notes.py","C:\Users\mylab\OneDrive\AI-OS-Project\tools\python\create_folder_purpose_notes.py","C:\Users\mylab\OneDrive\AI-OS-Project\tools\python",".py","15.55","5/3/2026 8:45:51 PM","5/3/2026 8:47:09 PM","AI-OS","REVIEW_ONLY","NO_MOVE_NO_DELETE_NO_EDIT"
"config","C:\Users\mylab\OneDrive\AI-OS-Project\TradingEngineV1\.azure\config","C:\Users\mylab\OneDrive\AI-OS-Project\TradingEngineV1\.azure","","0.14","5/2/2026 5:04:32 PM","4/30/2026 1:21:34 PM","AI-OS","REVIEW_ONLY","NO_MOVE_NO_DELETE_NO_EDIT"
".env","C:\Users\mylab\OneDrive\AI-OS-Project\TradingEngineV1\.env","C:\Users\mylab\OneDrive\AI-OS-Project\TradingEngineV1",".env","0.13","5/2/2026 5:04:32 PM","4/27/2026 12:49:59 AM","AI-OS","REVIEW_ONLY","NO_MOVE_NO_DELETE_NO_EDIT"
".gitignore","C:\Users\mylab\OneDrive\AI-OS-Project\TradingEngineV1\.gitignore","C:\Users\mylab\OneDrive\AI-OS-Project\TradingEngineV1",".gitignore","0.01","5/2/2026 5:04:32 PM","4/27/2026 1:50:50 AM","AI-OS","REVIEW_ONLY","NO_MOVE_NO_DELETE_NO_EDIT"
"app.py","C:\Users\mylab\OneDrive\AI-OS-Project\TradingEngineV1\app.py","C:\Users\mylab\OneDrive\AI-OS-Project\TradingEngineV1",".py","2.34","5/2/2026 5:04:32 PM","4/30/2026 1:15:52 PM","AI-OS","REVIEW_ONLY","NO_MOVE_NO_DELETE_NO_EDIT"
"requirements.txt","C:\Users\mylab\OneDrive\AI-OS-Project\TradingEngineV1\requirements.txt","C:\Users\mylab\OneDrive\AI-OS-Project\TradingEngineV1",".txt","0.08","5/2/2026 5:04:32 PM","4/30/2026 1:20:02 PM","AI-OS","REVIEW_ONLY","NO_MOVE_NO_DELETE_NO_EDIT"
"screener.py","C:\Users\mylab\OneDrive\AI-OS-Project\TradingEngineV1\screener.py","C:\Users\mylab\OneDrive\AI-OS-Project\TradingEngineV1",".py","9.48","5/2/2026 5:04:32 PM","4/30/2026 12:28:53 PM","AI-OS","REVIEW_ONLY","NO_MOVE_NO_DELETE_NO_EDIT"
"startup.txt","C:\Users\mylab\OneDrive\AI-OS-Project\TradingEngineV1\startup.txt","C:\Users\mylab\OneDrive\AI-OS-Project\TradingEngineV1",".txt","0.13","5/2/2026 5:04:32 PM","4/27/2026 1:20:06 PM","AI-OS","REVIEW_ONLY","NO_MOVE_NO_DELETE_NO_EDIT"
"dashboard.html","C:\Users\mylab\OneDrive\AI-OS-Project\TradingEngineV1\templates\dashboard.html","C:\Users\mylab\OneDrive\AI-OS-Project\TradingEngineV1\templates",".html","13.67","5/2/2026 5:04:32 PM","4/27/2026 12:39:53 PM","AI-OS","REVIEW_ONLY","NO_MOVE_NO_DELETE_NO_EDIT"
"May 3, 2026 0546 1.txt","C:\Users\mylab\OneDrive\AI-OS-Project\Yubikey\May 3, 2026 0546 1.txt","C:\Users\mylab\OneDrive\AI-OS-Project\Yubikey",".txt","0.08","5/3/2026 9:13:47 AM","5/3/2026 5:46:59 AM","AI-OS","REVIEW_ONLY","NO_MOVE_NO_DELETE_NO_EDIT"
"May 3, 2026 0546.txt","C:\Users\mylab\OneDrive\AI-OS-Project\Yubikey\May 3, 2026 0546.txt","C:\Users\mylab\OneDrive\AI-OS-Project\Yubikey",".txt","0.08","5/3/2026 9:13:47 AM","5/3/2026 5:46:36 AM","AI-OS","REVIEW_ONLY","NO_MOVE_NO_DELETE_NO_EDIT"
"May 3, 2026 0547.txt","C:\Users\mylab\OneDrive\AI-OS-Project\Yubikey\May 3, 2026 0547.txt","C:\Users\mylab\OneDrive\AI-OS-Project\Yubikey",".txt","0.08","5/3/2026 9:13:47 AM","5/3/2026 5:47:12 AM","AI-OS","REVIEW_ONLY","NO_MOVE_NO_DELETE_NO_EDIT"
"Yubico demo website.txt","C:\Users\mylab\OneDrive\AI-OS-Project\Yubikey\Yubico demo website.txt","C:\Users\mylab\OneDrive\AI-OS-Project\Yubikey",".txt","0.03","4/5/2026 3:01:38 PM","4/5/2026 11:52:18 AM","AI-OS","REVIEW_ONLY","NO_MOVE_NO_DELETE_NO_EDIT"
"Yubikey Documents.adoc","C:\Users\mylab\OneDrive\AI-OS-Project\Yubikey\Yubikey Documents.adoc","C:\Users\mylab\OneDrive\AI-OS-Project\Yubikey",".adoc","10.81","4/20/2026 5:10:08 AM","5/2/2026 5:27:17 PM","AI-OS","REVIEW_ONLY","NO_MOVE_NO_DELETE_NO_EDIT"
"yubikit.txt","C:\Users\mylab\OneDrive\AI-OS-Project\Yubikey\yubikit.txt","C:\Users\mylab\OneDrive\AI-OS-Project\Yubikey",".txt","10.81","5/2/2026 7:21:51 AM","5/2/2026 5:31:04 AM","AI-OS","REVIEW_ONLY","NO_MOVE_NO_DELETE_NO_EDIT"
"config","C:\Users\mylab\OneDrive\Desktop\Ai_Os\.azure\config","C:\Users\mylab\OneDrive\Desktop\Ai_Os\.azure","","0.14","4/28/2026 1:36:19 PM","4/28/2026 2:11:39 PM","AI_OS","REVIEW_ONLY","NO_MOVE_NO_DELETE_NO_EDIT"
"README.md","C:\Users\mylab\OneDrive\Desktop\Ai_Os\agent\runtime\README.md","C:\Users\mylab\OneDrive\Desktop\Ai_Os\agent\runtime",".md","0.08","3/25/2026 4:45:25 PM","3/25/2026 4:45:59 PM","AI_OS","REVIEW_ONLY","NO_MOVE_NO_DELETE_NO_EDIT"
".gitignore","C:\Users\mylab\OneDrive\Desktop\Ai_Os\apps\dashboard\.gitignore","C:\Users\mylab\OneDrive\Desktop\Ai_Os\apps\dashboard",".gitignore","0.25","3/25/2026 5:02:38 PM","3/25/2026 5:01:24 PM","AI_OS","REVIEW_ONLY","NO_MOVE_NO_DELETE_NO_EDIT"
"eslint.config.js","C:\Users\mylab\OneDrive\Desktop\Ai_Os\apps\dashboard\eslint.config.js","C:\Users\mylab\OneDrive\Desktop\Ai_Os\apps\dashboard",".js","0.74","3/25/2026 5:02:38 PM","3/25/2026 5:01:24 PM","AI_OS","REVIEW_ONLY","NO_MOVE_NO_DELETE_NO_EDIT"
"index.html","C:\Users\mylab\OneDrive\Desktop\Ai_Os\apps\dashboard\index.html","C:\Users\mylab\OneDrive\Desktop\Ai_Os\apps\dashboard",".html","0.35","3/25/2026 5:02:38 PM","3/25/2026 5:02:38 PM","AI_OS","REVIEW_ONLY","NO_MOVE_NO_DELETE_NO_EDIT"
"package.json","C:\Users\mylab\OneDrive\Desktop\Ai_Os\apps\dashboard\package.json","C:\Users\mylab\OneDrive\Desktop\Ai_Os\apps\dashboard",".json","0.59","3/25/2026 5:02:38 PM","3/25/2026 5:02:38 PM","AI_OS","REVIEW_ONLY","NO_MOVE_NO_DELETE_NO_EDIT"
"package-lock.json","C:\Users\mylab\OneDrive\Desktop\Ai_Os\apps\dashboard\package-lock.json","C:\Users\mylab\OneDrive\Desktop\Ai_Os\apps\dashboard",".json","88.42","3/25/2026 5:04:36 PM","3/25/2026 5:04:36 PM","AI_OS","REVIEW_ONLY","NO_MOVE_NO_DELETE_NO_EDIT"
"favicon.svg","C:\Users\mylab\OneDrive\Desktop\Ai_Os\apps\dashboard\public\favicon.svg","C:\Users\mylab\OneDrive\Desktop\Ai_Os\apps\dashboard\public",".svg","9.3","3/25/2026 5:02:38 PM","3/25/2026 5:01:25 PM","AI_OS","REVIEW_ONLY","NO_MOVE_NO_DELETE_NO_EDIT"
"icons.svg","C:\Users\mylab\OneDrive\Desktop\Ai_Os\apps\dashboard\public\icons.svg","C:\Users\mylab\OneDrive\Desktop\Ai_Os\apps\dashboard\public",".svg","4.91","3/25/2026 5:02:38 PM","3/25/2026 5:01:25 PM","AI_OS","REVIEW_ONLY","NO_MOVE_NO_DELETE_NO_EDIT"
"README.md","C:\Users\mylab\OneDrive\Desktop\Ai_Os\apps\dashboard\README.md","C:\Users\mylab\OneDrive\Desktop\Ai_Os\apps\dashboard",".md","0.07","3/25/2026 4:45:25 PM","5/1/2026 3:48:31 PM","AI_OS","REVIEW_ONLY","NO_MOVE_NO_DELETE_NO_EDIT"
"App.css","C:\Users\mylab\OneDrive\Desktop\Ai_Os\apps\dashboard\src\App.css","C:\Users\mylab\OneDrive\Desktop\Ai_Os\apps\dashboard\src",".css","2.82","3/25/2026 5:02:38 PM","3/25/2026 5:01:24 PM","AI_OS","REVIEW_ONLY","NO_MOVE_NO_DELETE_NO_EDIT"
"App.jsx","C:\Users\mylab\OneDrive\Desktop\Ai_Os\apps\dashboard\src\App.jsx","C:\Users\mylab\OneDrive\Desktop\Ai_Os\apps\dashboard\src",".jsx","3.54","3/25/2026 5:02:38 PM","3/25/2026 5:01:24 PM","AI_OS","REVIEW_ONLY","NO_MOVE_NO_DELETE_NO_EDIT"
"hero.png","C:\Users\mylab\OneDrive\Desktop\Ai_Os\apps\dashboard\src\assets\hero.png","C:\Users\mylab\OneDrive\Desktop\Ai_Os\apps\dashboard\src\assets",".png","43.87","3/25/2026 5:02:38 PM","3/25/2026 5:01:25 PM","AI_OS","REVIEW_ONLY","NO_MOVE_NO_DELETE_NO_EDIT"
"react.svg","C:\Users\mylab\OneDrive\Desktop\Ai_Os\apps\dashboard\src\assets\react.svg","C:\Users\mylab\OneDrive\Desktop\Ai_Os\apps\dashboard\src\assets",".svg","4.03","3/25/2026 5:02:38 PM","3/25/2026 5:01:25 PM","AI_OS","REVIEW_ONLY","NO_MOVE_NO_DELETE_NO_EDIT"
"vite.svg","C:\Users\mylab\OneDrive\Desktop\Ai_Os\apps\dashboard\src\assets\vite.svg","C:\Users\mylab\OneDrive\Desktop\Ai_Os\apps\dashboard\src\assets",".svg","8.5","3/25/2026 5:02:38 PM","3/25/2026 5:01:25 PM","AI_OS","REVIEW_ONLY","NO_MOVE_NO_DELETE_NO_EDIT"
"index.css","C:\Users\mylab\OneDrive\Desktop\Ai_Os\apps\dashboard\src\index.css","C:\Users\mylab\OneDrive\Desktop\Ai_Os\apps\dashboard\src",".css","2.12","3/25/2026 5:02:38 PM","3/25/2026 5:01:24 PM","AI_OS","REVIEW_ONLY","NO_MOVE_NO_DELETE_NO_EDIT"
"main.jsx","C:\Users\mylab\OneDrive\Desktop\Ai_Os\apps\dashboard\src\main.jsx","C:\Users\mylab\OneDrive\Desktop\Ai_Os\apps\dashboard\src",".jsx","0.22","3/25/2026 5:02:38 PM","3/25/2026 5:01:24 PM","AI_OS","REVIEW_ONLY","NO_MOVE_NO_DELETE_NO_EDIT"
"vite.config.js","C:\Users\mylab\OneDrive\Desktop\Ai_Os\apps\dashboard\vite.config.js","C:\Users\mylab\OneDrive\Desktop\Ai_Os\apps\dashboard",".js","0.16","3/25/2026 5:02:38 PM","3/25/2026 5:01:24 PM","AI_OS","REVIEW_ONLY","NO_MOVE_NO_DELETE_NO_EDIT"
"README.md","C:\Users\mylab\OneDrive\Desktop\Ai_Os\automation\pipeline\README.md","C:\Users\mylab\OneDrive\Desktop\Ai_Os\automation\pipeline",".md","0.08","3/25/2026 4:45:25 PM","3/25/2026 4:45:59 PM","AI_OS","REVIEW_ONLY","NO_MOVE_NO_DELETE_NO_EDIT"
"config.py","C:\Users\mylab\OneDrive\Desktop\Ai_Os\bot\config.py","C:\Users\mylab\OneDrive\Desktop\Ai_Os\bot",".py","0.52","4/28/2026 1:19:28 PM","4/28/2026 1:19:28 PM","AI_OS","REVIEW_ONLY","NO_MOVE_NO_DELETE_NO_EDIT"
"main.py","C:\Users\mylab\OneDrive\Desktop\Ai_Os\bot\main.py","C:\Users\mylab\OneDrive\Desktop\Ai_Os\bot",".py","0.62","4/28/2026 1:19:28 PM","4/28/2026 1:19:28 PM","AI_OS","REVIEW_ONLY","NO_MOVE_NO_DELETE_NO_EDIT"
"webhook.py","C:\Users\mylab\OneDrive\Desktop\Ai_Os\bot\webhook.py","C:\Users\mylab\OneDrive\Desktop\Ai_Os\bot",".py","1.22","4/28/2026 1:19:28 PM","4/28/2026 1:19:28 PM","AI_OS","REVIEW_ONLY","NO_MOVE_NO_DELETE_NO_EDIT"
"deploy.zip","C:\Users\mylab\OneDrive\Desktop\Ai_Os\deploy.zip","C:\Users\mylab\OneDrive\Desktop\Ai_Os",".zip","23199.54","5/2/2026 2:55:32 PM","5/2/2026 2:56:24 PM","AI_OS","REVIEW_ONLY","NO_MOVE_NO_DELETE_NO_EDIT"
"desktop.ini","C:\Users\mylab\OneDrive\Desktop\Ai_Os\desktop.ini","C:\Users\mylab\OneDrive\Desktop\Ai_Os",".ini","0.13","3/24/2026 5:16:35 PM","3/24/2026 5:16:37 PM","AI_OS","REVIEW_ONLY","NO_MOVE_NO_DELETE_NO_EDIT"
"api-contract.md","C:\Users\mylab\OneDrive\Desktop\Ai_Os\docs\specs\api-contract.md","C:\Users\mylab\OneDrive\Desktop\Ai_Os\docs\specs",".md","0.35","3/25/2026 4:45:25 PM","3/25/2026 4:45:52 PM","AI_OS","REVIEW_ONLY","NO_MOVE_NO_DELETE_NO_EDIT"
"automation-pipeline.md","C:\Users\mylab\OneDrive\Desktop\Ai_Os\docs\specs\automation-pipeline.md","C:\Users\mylab\OneDrive\Desktop\Ai_Os\docs\specs",".md","0.96","3/25/2026 4:45:25 PM","3/25/2026 4:45:45 PM","AI_OS","REVIEW_ONLY","NO_MOVE_NO_DELETE_NO_EDIT"
"ui-spec.md","C:\Users\mylab\OneDrive\Desktop\Ai_Os\docs\specs\ui-spec.md","C:\Users\mylab\OneDrive\Desktop\Ai_Os\docs\specs",".md","0.96","3/25/2026 4:45:25 PM","3/25/2026 4:45:36 PM","AI_OS","REVIEW_ONLY","NO_MOVE_NO_DELETE_NO_EDIT"
"README.md","C:\Users\mylab\OneDrive\Desktop\Ai_Os\inputs\README.md","C:\Users\mylab\OneDrive\Desktop\Ai_Os\inputs",".md","0","3/25/2026 4:35:46 PM","3/25/2026 4:36:14 PM","AI_OS","REVIEW_ONLY","NO_MOVE_NO_DELETE_NO_EDIT"
"whitepaper.md","C:\Users\mylab\OneDrive\Desktop\Ai_Os\inputs\whitepaper.md","C:\Users\mylab\OneDrive\Desktop\Ai_Os\inputs",".md","0","3/25/2026 4:35:46 PM","3/25/2026 4:35:46 PM","AI_OS; whitepaper","REVIEW_ONLY","NO_MOVE_NO_DELETE_NO_EDIT"
"READme.pdf","C:\Users\mylab\OneDrive\Desktop\Ai_Os\internal\source-artifacts\pdf\READme.pdf","C:\Users\mylab\OneDrive\Desktop\Ai_Os\internal\source-artifacts\pdf",".pdf","6.88","3/24/2026 4:32:01 PM","3/24/2026 4:32:01 PM","AI_OS","REVIEW_ONLY","NO_MOVE_NO_DELETE_NO_EDIT"
"whitepaper.pdf","C:\Users\mylab\OneDrive\Desktop\Ai_Os\internal\source-artifacts\pdf\whitepaper.pdf","C:\Users\mylab\OneDrive\Desktop\Ai_Os\internal\source-artifacts\pdf",".pdf","5.45","3/24/2026 4:40:20 PM","3/24/2026 4:40:20 PM","AI_OS; whitepaper","REVIEW_ONLY","NO_MOVE_NO_DELETE_NO_EDIT"
"folderUse.txt","C:\Users\mylab\OneDrive\Desktop\Ai_Os\internal\source-artifacts\txt\folderUse.txt","C:\Users\mylab\OneDrive\Desktop\Ai_Os\internal\source-artifacts\txt",".txt","0.08","3/24/2026 4:22:55 PM","3/24/2026 4:23:39 PM","AI_OS","REVIEW_ONLY","NO_MOVE_NO_DELETE_NO_EDIT"
"ai-os Incident Report.txt","C:\Users\mylab\OneDrive\Desktop\ai-os Incident Report.txt","C:\Users\mylab\OneDrive\Desktop",".txt","0.77","5/3/2026 6:21:21 PM","5/3/2026 6:22:35 PM","AI-OS","REVIEW_ONLY","NO_MOVE_NO_DELETE_NO_EDIT"
"AI-OS_MORNING_EXECUTION_PACKET.md - Shortcut.lnk","C:\Users\mylab\OneDrive\Desktop\AI-OS_MORNING_EXECUTION_PACKET.md - Shortcut.lnk","C:\Users\mylab\OneDrive\Desktop",".lnk","1.44","5/2/2026 4:56:37 PM","5/2/2026 4:56:37 PM","AI-OS","REVIEW_ONLY","NO_MOVE_NO_DELETE_NO_EDIT"
"app.py","C:\Users\mylab\OneDrive\Desktop\AI-OS-Projec_BACKUP_2_5_2026\_REVIEW\Desktop_Ai_Os_Stale\app.py","C:\Users\mylab\OneDrive\Desktop\AI-OS-Projec_BACKUP_2_5_2026\_REVIEW\Desktop_Ai_Os_Stale",".py","1.66","5/2/2026 8:17:51 PM","5/1/2026 7:31:27 PM","AI_OS; AI-OS","REVIEW_ONLY","NO_MOVE_NO_DELETE_NO_EDIT"
"deploy.zip","C:\Users\mylab\OneDrive\Desktop\AI-OS-Projec_BACKUP_2_5_2026\_REVIEW\Desktop_Ai_Os_Stale\deploy.zip","C:\Users\mylab\OneDrive\Desktop\AI-OS-Projec_BACKUP_2_5_2026\_REVIEW\Desktop_Ai_Os_Stale",".zip","23732.12","5/2/2026 8:17:51 PM","5/1/2026 8:01:54 PM","AI_OS; AI-OS","REVIEW_ONLY","NO_MOVE_NO_DELETE_NO_EDIT"
"download.jpg","C:\Users\mylab\OneDrive\Desktop\AI-OS-Projec_BACKUP_2_5_2026\_REVIEW\Desktop_Ai_Os_Stale\download.jpg","C:\Users\mylab\OneDrive\Desktop\AI-OS-Projec_BACKUP_2_5_2026\_REVIEW\Desktop_Ai_Os_Stale",".jpg","3.59","5/2/2026 8:17:51 PM","4/30/2026 4:30:16 PM","AI_OS; AI-OS","REVIEW_ONLY","NO_MOVE_NO_DELETE_NO_EDIT"
"project.manifest.json","C:\Users\mylab\OneDrive\Desktop\AI-OS-Projec_BACKUP_2_5_2026\_REVIEW\Desktop_Ai_Os_Stale\project.manifest.json","C:\Users\mylab\OneDrive\Desktop\AI-OS-Projec_BACKUP_2_5_2026\_REVIEW\Desktop_Ai_Os_Stale",".json","0.11","5/2/2026 8:17:51 PM","3/25/2026 4:31:11 PM","AI_OS; AI-OS","REVIEW_ONLY","NO_MOVE_NO_DELETE_NO_EDIT"
"staticwebapp.config.json","C:\Users\mylab\OneDrive\Desktop\AI-OS-Projec_BACKUP_2_5_2026\_REVIEW\Desktop_Ai_Os_Stale\staticwebapp.config.json","C:\Users\mylab\OneDrive\Desktop\AI-OS-Projec_BACKUP_2_5_2026\_REVIEW\Desktop_Ai_Os_Stale",".json","0.09","5/2/2026 8:17:51 PM","5/1/2026 3:29:58 PM","AI_OS; AI-OS","REVIEW_ONLY","NO_MOVE_NO_DELETE_NO_EDIT"
"dashboard.html","C:\Users\mylab\OneDrive\Desktop\AI-OS-Projec_BACKUP_2_5_2026\Ai_Os Node\HTML\dashboard.html","C:\Users\mylab\OneDrive\Desktop\AI-OS-Projec_BACKUP_2_5_2026\Ai_Os Node\HTML",".html","70.85","5/2/2026 8:17:50 PM","5/1/2026 8:43:31 PM","AI_OS; AI-OS","REVIEW_ONLY","NO_MOVE_NO_DELETE_NO_EDIT"
"desktop.ini","C:\Users\mylab\OneDrive\Desktop\AI-OS-Projec_BACKUP_2_5_2026\Ai_Os Node\HTML\desktop.ini","C:\Users\mylab\OneDrive\Desktop\AI-OS-Projec_BACKUP_2_5_2026\Ai_Os Node\HTML",".ini","0.08","5/2/2026 8:17:50 PM","5/2/2026 7:02:21 PM","AI_OS; AI-OS","REVIEW_ONLY","NO_MOVE_NO_DELETE_NO_EDIT"
"README.html","C:\Users\mylab\OneDrive\Desktop\AI-OS-Projec_BACKUP_2_5_2026\Ai_Os Node\HTML\README.html","C:\Users\mylab\OneDrive\Desktop\AI-OS-Projec_BACKUP_2_5_2026\Ai_Os Node\HTML",".html","24.6","5/2/2026 8:17:50 PM","5/2/2026 10:32:13 AM","AI_OS; AI-OS","REVIEW_ONLY","NO_MOVE_NO_DELETE_NO_EDIT"
"AI-OS_PROJECT_PARAMETERS.csv","C:\Users\mylab\OneDrive\Desktop\AI-OS-Projec_BACKUP_2_5_2026\AI-OS_PROJECT_PARAMETERS.csv","C:\Users\mylab\OneDrive\Desktop\AI-OS-Projec_BACKUP_2_5_2026",".csv","3.75","5/2/2026 8:17:50 PM","5/2/2026 8:10:02 AM","AI-OS","REVIEW_ONLY","NO_MOVE_NO_DELETE_NO_EDIT"
"AI-OS_PROJECT_TASKS.csv","C:\Users\mylab\OneDrive\Desktop\AI-OS-Projec_BACKUP_2_5_2026\AI-OS_PROJECT_TASKS.csv","C:\Users\mylab\OneDrive\Desktop\AI-OS-Projec_BACKUP_2_5_2026",".csv","3.71","5/2/2026 8:17:50 PM","5/2/2026 4:30:53 PM","AI-OS","REVIEW_ONLY","NO_MOVE_NO_DELETE_NO_EDIT"
"AAR_AI_OS_Consolidation_2026-05-02.md","C:\Users\mylab\OneDrive\Desktop\AI-OS-Projec_BACKUP_2_5_2026\backtest results\Reports\may 2026\AAR\AAR_AI_OS_Consolidation_2026-05-02.md","C:\Users\mylab\OneDrive\Desktop\AI-OS-Projec_BACKUP_2_5_2026\backtest results\Reports\may 2026\AAR",".md","1.64","5/2/2026 8:17:50 PM","5/2/2026 8:56:58 AM","AI_OS; AI-OS; AAR","REVIEW_ONLY","NO_MOVE_NO_DELETE_NO_EDIT"
"AlgoTradez_IncidentReport_2026-05-01.csv","C:\Users\mylab\OneDrive\Desktop\AI-OS-Projec_BACKUP_2_5_2026\backtest results\Reports\may 2026\Postmortem\AlgoTradez_IncidentReport_2026-05-01.csv","C:\Users\mylab\OneDrive\Desktop\AI-OS-Projec_BACKUP_2_5_2026\backtest results\Reports\may 2026\Postmortem",".csv","9.05","5/2/2026 8:17:50 PM","5/1/2026 5:54:09 PM","AI-OS","REVIEW_ONLY","NO_MOVE_NO_DELETE_NO_EDIT"
"CONFUSION(APPS GONE)WORNG ORDER.txt","C:\Users\mylab\OneDrive\Desktop\AI-OS-Projec_BACKUP_2_5_2026\backtest results\Reports\may 2026\Postmortem\CONFUSION(APPS GONE)WORNG ORDER.txt","C:\Users\mylab\OneDrive\Desktop\AI-OS-Projec_BACKUP_2_5_2026\backtest results\Reports\may 2026\Postmortem",".txt","84.91","5/2/2026 8:17:50 PM","5/1/2026 4:19:01 PM","AI-OS","REVIEW_ONLY","NO_MOVE_NO_DELETE_NO_EDIT"
"SITREP_AI_OS_Consolidation_2026-05-02.md","C:\Users\mylab\OneDrive\Desktop\AI-OS-Projec_BACKUP_2_5_2026\backtest results\Reports\may 2026\SITREP\SITREP_AI_OS_Consolidation_2026-05-02.md","C:\Users\mylab\OneDrive\Desktop\AI-OS-Projec_BACKUP_2_5_2026\backtest results\Reports\may 2026\SITREP",".md","6.04","5/2/2026 8:17:50 PM","5/2/2026 8:57:33 AM","AI_OS; AI-OS","REVIEW_ONLY","NO_MOVE_NO_DELETE_NO_EDIT"
"AlgoTradez_DailyProgress_2026-05-02.csv","C:\Users\mylab\OneDrive\Desktop\AI-OS-Projec_BACKUP_2_5_2026\backtest results\Reports\may 2026\WEEK 1\AlgoTradez_DailyProgress_2026-05-02.csv","C:\Users\mylab\OneDrive\Desktop\AI-OS-Projec_BACKUP_2_5_2026\backtest results\Reports\may 2026\WEEK 1",".csv","3.2","5/2/2026 8:17:50 PM","5/2/2026 8:57:56 AM","AI-OS","REVIEW_ONLY","NO_MOVE_NO_DELETE_NO_EDIT"
"AlgoTradez_DailyProgress_2026-05-02.xlsx","C:\Users\mylab\OneDrive\Desktop\AI-OS-Projec_BACKUP_2_5_2026\backtest results\Reports\may 2026\WEEK 1\AlgoTradez_DailyProgress_2026-05-02.xlsx","C:\Users\mylab\OneDrive\Desktop\AI-OS-Projec_BACKUP_2_5_2026\backtest results\Reports\may 2026\WEEK 1",".xlsx","9.4","5/2/2026 8:17:50 PM","5/1/2026 9:07:46 PM","AI-OS","REVIEW_ONLY","NO_MOVE_NO_DELETE_NO_EDIT"
"AlgoTradez_DailyReport_2026-05-01.csv","C:\Users\mylab\OneDrive\Desktop\AI-OS-Projec_BACKUP_2_5_2026\backtest results\Reports\may 2026\WEEK 1\AlgoTradez_DailyReport_2026-05-01.csv","C:\Users\mylab\OneDrive\Desktop\AI-OS-Projec_BACKUP_2_5_2026\backtest results\Reports\may 2026\WEEK 1",".csv","2.35","5/2/2026 8:17:50 PM","5/1/2026 1:33:37 AM","AI-OS","REVIEW_ONLY","NO_MOVE_NO_DELETE_NO_EDIT"
"AlgoTradez_Session_Log_2026-04-30-1.xlsx","C:\Users\mylab\OneDrive\Desktop\AI-OS-Projec_BACKUP_2_5_2026\backtest results\Reports\may 2026\WEEK 1\AlgoTradez_Session_Log_2026-04-30-1.xlsx","C:\Users\mylab\OneDrive\Desktop\AI-OS-Projec_BACKUP_2_5_2026\backtest results\Reports\may 2026\WEEK 1",".xlsx","15.07","5/2/2026 8:17:50 PM","5/1/2026 2:23:07 AM","AI-OS","REVIEW_ONLY","NO_MOVE_NO_DELETE_NO_EDIT"
"TradingEngineV1.zip","C:\Users\mylab\OneDrive\Desktop\AI-OS-Projec_BACKUP_2_5_2026\backups\TradingEngineV1.zip","C:\Users\mylab\OneDrive\Desktop\AI-OS-Projec_BACKUP_2_5_2026\backups",".zip","10.61","5/2/2026 8:17:50 PM","5/2/2026 7:43:16 AM","AI-OS","REVIEW_ONLY","NO_MOVE_NO_DELETE_NO_EDIT"
"AI-OS_MORNING_EXECUTION_PACKET.md","C:\Users\mylab\OneDrive\Desktop\AI-OS-Projec_BACKUP_2_5_2026\control\AI-OS_MORNING_EXECUTION_PACKET.md","C:\Users\mylab\OneDrive\Desktop\AI-OS-Projec_BACKUP_2_5_2026\control",".md","3.46","5/2/2026 8:17:50 PM","5/2/2026 7:23:54 PM","AI-OS","REVIEW_ONLY","NO_MOVE_NO_DELETE_NO_EDIT"
"desktop.ini","C:\Users\mylab\OneDrive\Desktop\AI-OS-Projec_BACKUP_2_5_2026\control\desktop.ini","C:\Users\mylab\OneDrive\Desktop\AI-OS-Projec_BACKUP_2_5_2026\control",".ini","0.08","5/2/2026 8:17:50 PM","5/2/2026 7:11:23 PM","AI-OS","REVIEW_ONLY","NO_MOVE_NO_DELETE_NO_EDIT"
"AI-OS_EOD_PROMPT.md","C:\Users\mylab\OneDrive\Desktop\AI-OS-Projec_BACKUP_2_5_2026\control\EOD prompt\AI-OS_EOD_PROMPT.md","C:\Users\mylab\OneDrive\Desktop\AI-OS-Projec_BACKUP_2_5_2026\control\EOD prompt",".md","1.17","5/2/2026 8:17:50 PM","5/2/2026 7:39:44 PM","AI-OS","REVIEW_ONLY","NO_MOVE_NO_DELETE_NO_EDIT"
"README[5.2.26].md","C:\Users\mylab\OneDrive\Desktop\AI-OS-Projec_BACKUP_2_5_2026\control\MarkDown\README[5.2.26].md","C:\Users\mylab\OneDrive\Desktop\AI-OS-Projec_BACKUP_2_5_2026\control\MarkDown",".md","11.98","5/2/2026 8:17:50 PM","5/2/2026 3:53:12 PM","AI-OS","REVIEW_ONLY","NO_MOVE_NO_DELETE_NO_EDIT"
"AAR_AI_OS_Consolidation_2026-05-02.md","C:\Users\mylab\OneDrive\Desktop\AI-OS-Projec_BACKUP_2_5_2026\daily-progress\AAR\AAR_AI_OS_Consolidation_2026-05-02.md","C:\Users\mylab\OneDrive\Desktop\AI-OS-Projec_BACKUP_2_5_2026\daily-progress\AAR",".md","1.64","5/2/2026 8:17:50 PM","5/2/2026 8:56:58 AM","AI_OS; AI-OS; AAR","REVIEW_ONLY","NO_MOVE_NO_DELETE_NO_EDIT"
"desktop.ini","C:\Users\mylab\OneDrive\Desktop\AI-OS-Projec_BACKUP_2_5_2026\desktop.ini","C:\Users\mylab\OneDrive\Desktop\AI-OS-Projec_BACKUP_2_5_2026",".ini","0.19","5/2/2026 8:17:50 PM","5/2/2026 7:11:16 PM","AI-OS","REVIEW_ONLY","NO_MOVE_NO_DELETE_NO_EDIT"
"ai_OS_structure.csv","C:\Users\mylab\OneDrive\Desktop\AI-OS-Projec_BACKUP_2_5_2026\docs\ai_OS_structure.csv","C:\Users\mylab\OneDrive\Desktop\AI-OS-Projec_BACKUP_2_5_2026\docs",".csv","1109.27","5/2/2026 8:17:50 PM","5/2/2026 7:58:42 AM","AI_OS; AI-OS","REVIEW_ONLY","NO_MOVE_NO_DELETE_NO_EDIT"
"AI-OS_MASTER_GUIDELINES.md","C:\Users\mylab\OneDrive\Desktop\AI-OS-Projec_BACKUP_2_5_2026\docs\AI-OS_MASTER_GUIDELINES.md","C:\Users\mylab\OneDrive\Desktop\AI-OS-Projec_BACKUP_2_5_2026\docs",".md","15.31","5/2/2026 8:17:50 PM","5/2/2026 7:03:10 AM","AI-OS","REVIEW_ONLY","NO_MOVE_NO_DELETE_NO_EDIT"
"AlgoTradez_AI-OS_Roadmap.csv","C:\Users\mylab\OneDrive\Desktop\AI-OS-Projec_BACKUP_2_5_2026\docs\AlgoTradez_AI-OS_Roadmap.csv","C:\Users\mylab\OneDrive\Desktop\AI-OS-Projec_BACKUP_2_5_2026\docs",".csv","5.64","5/2/2026 8:17:50 PM","4/27/2026 4:30:08 PM","AI-OS","REVIEW_ONLY","NO_MOVE_NO_DELETE_NO_EDIT"
"desktop.ini","C:\Users\mylab\OneDrive\Desktop\AI-OS-Projec_BACKUP_2_5_2026\docs\desktop.ini","C:\Users\mylab\OneDrive\Desktop\AI-OS-Projec_BACKUP_2_5_2026\docs",".ini","0.19","5/2/2026 8:17:50 PM","5/2/2026 6:35:48 PM","AI-OS","REVIEW_ONLY","NO_MOVE_NO_DELETE_NO_EDIT"
"SITREP_AI_OS_Consolidation_2026-05-02.md","C:\Users\mylab\OneDrive\Desktop\AI-OS-Projec_BACKUP_2_5_2026\docs\SITREP\SITREP_AI_OS_Consolidation_2026-05-02.md","C:\Users\mylab\OneDrive\Desktop\AI-OS-Projec_BACKUP_2_5_2026\docs\SITREP",".md","6.04","5/2/2026 8:17:50 PM","5/2/2026 8:57:33 AM","AI_OS; AI-OS","REVIEW_ONLY","NO_MOVE_NO_DELETE_NO_EDIT"
"White_Paper.md","C:\Users\mylab\OneDrive\Desktop\AI-OS-Projec_BACKUP_2_5_2026\docs\White_Paper.md","C:\Users\mylab\OneDrive\Desktop\AI-OS-Projec_BACKUP_2_5_2026\docs",".md","22.15","5/2/2026 8:17:50 PM","5/2/2026 5:06:50 AM","AI-OS","REVIEW_ONLY","NO_MOVE_NO_DELETE_NO_EDIT"
"files.zip","C:\Users\mylab\OneDrive\Desktop\AI-OS-Projec_BACKUP_2_5_2026\files.zip","C:\Users\mylab\OneDrive\Desktop\AI-OS-Projec_BACKUP_2_5_2026",".zip","5.28","5/2/2026 8:17:50 PM","5/2/2026 9:01:45 AM","AI-OS","REVIEW_ONLY","NO_MOVE_NO_DELETE_NO_EDIT"
"DASHBOARD_FIXES.md","C:\Users\mylab\OneDrive\Desktop\AI-OS-Projec_BACKUP_2_5_2026\FIxesChanges\DASHBOARD_FIXES.md","C:\Users\mylab\OneDrive\Desktop\AI-OS-Projec_BACKUP_2_5_2026\FIxesChanges",".md","15.36","5/2/2026 8:17:50 PM","5/2/2026 8:10:15 AM","AI-OS","REVIEW_ONLY","NO_MOVE_NO_DELETE_NO_EDIT"
"Ai_Os_Reorganize.ps1","C:\Users\mylab\OneDrive\Desktop\AI-OS-Projec_BACKUP_2_5_2026\scripts\Ai_Os_Reorganize.ps1","C:\Users\mylab\OneDrive\Desktop\AI-OS-Projec_BACKUP_2_5_2026\scripts",".ps1","7.27","5/2/2026 8:17:50 PM","5/2/2026 9:35:41 AM","AI_OS; AI-OS","REVIEW_ONLY","NO_MOVE_NO_DELETE_NO_EDIT"
"deploy_readme.ps1","C:\Users\mylab\OneDrive\Desktop\AI-OS-Projec_BACKUP_2_5_2026\scripts\Deployable PS1\deploy_readme.ps1","C:\Users\mylab\OneDrive\Desktop\AI-OS-Projec_BACKUP_2_5_2026\scripts\Deployable PS1",".ps1","1.98","5/2/2026 8:17:50 PM","5/2/2026 10:33:31 AM","AI-OS","REVIEW_ONLY","NO_MOVE_NO_DELETE_NO_EDIT"
"config","C:\Users\mylab\OneDrive\Desktop\AI-OS-Projec_BACKUP_2_5_2026\TradingEngineV1\.azure\config","C:\Users\mylab\OneDrive\Desktop\AI-OS-Projec_BACKUP_2_5_2026\TradingEngineV1\.azure","","0.14","5/2/2026 8:17:50 PM","4/30/2026 1:21:34 PM","AI-OS","REVIEW_ONLY","NO_MOVE_NO_DELETE_NO_EDIT"
".env","C:\Users\mylab\OneDrive\Desktop\AI-OS-Projec_BACKUP_2_5_2026\TradingEngineV1\.env","C:\Users\mylab\OneDrive\Desktop\AI-OS-Projec_BACKUP_2_5_2026\TradingEngineV1",".env","0.13","5/2/2026 8:17:50 PM","4/27/2026 12:49:59 AM","AI-OS","REVIEW_ONLY","NO_MOVE_NO_DELETE_NO_EDIT"
".gitignore","C:\Users\mylab\OneDrive\Desktop\AI-OS-Projec_BACKUP_2_5_2026\TradingEngineV1\.gitignore","C:\Users\mylab\OneDrive\Desktop\AI-OS-Projec_BACKUP_2_5_2026\TradingEngineV1",".gitignore","0.01","5/2/2026 8:17:50 PM","4/27/2026 1:50:50 AM","AI-OS","REVIEW_ONLY","NO_MOVE_NO_DELETE_NO_EDIT"
"app.py","C:\Users\mylab\OneDrive\Desktop\AI-OS-Projec_BACKUP_2_5_2026\TradingEngineV1\app.py","C:\Users\mylab\OneDrive\Desktop\AI-OS-Projec_BACKUP_2_5_2026\TradingEngineV1",".py","2.34","5/2/2026 8:17:50 PM","4/30/2026 1:15:52 PM","AI-OS","REVIEW_ONLY","NO_MOVE_NO_DELETE_NO_EDIT"
"requirements.txt","C:\Users\mylab\OneDrive\Desktop\AI-OS-Projec_BACKUP_2_5_2026\TradingEngineV1\requirements.txt","C:\Users\mylab\OneDrive\Desktop\AI-OS-Projec_BACKUP_2_5_2026\TradingEngineV1",".txt","0.08","5/2/2026 8:17:50 PM","4/30/2026 1:20:02 PM","AI-OS","REVIEW_ONLY","NO_MOVE_NO_DELETE_NO_EDIT"
"screener.py","C:\Users\mylab\OneDrive\Desktop\AI-OS-Projec_BACKUP_2_5_2026\TradingEngineV1\screener.py","C:\Users\mylab\OneDrive\Desktop\AI-OS-Projec_BACKUP_2_5_2026\TradingEngineV1",".py","9.48","5/2/2026 8:17:50 PM","4/30/2026 12:28:53 PM","AI-OS","REVIEW_ONLY","NO_MOVE_NO_DELETE_NO_EDIT"
"startup.txt","C:\Users\mylab\OneDrive\Desktop\AI-OS-Projec_BACKUP_2_5_2026\TradingEngineV1\startup.txt","C:\Users\mylab\OneDrive\Desktop\AI-OS-Projec_BACKUP_2_5_2026\TradingEngineV1",".txt","0.13","5/2/2026 8:17:50 PM","4/27/2026 1:20:06 PM","AI-OS","REVIEW_ONLY","NO_MOVE_NO_DELETE_NO_EDIT"
"dashboard.html","C:\Users\mylab\OneDrive\Desktop\AI-OS-Projec_BACKUP_2_5_2026\TradingEngineV1\templates\dashboard.html","C:\Users\mylab\OneDrive\Desktop\AI-OS-Projec_BACKUP_2_5_2026\TradingEngineV1\templates",".html","13.67","5/2/2026 8:17:51 PM","4/27/2026 12:39:53 PM","AI-OS","REVIEW_ONLY","NO_MOVE_NO_DELETE_NO_EDIT"
"Yubico demo website.txt","C:\Users\mylab\OneDrive\Desktop\AI-OS-Projec_BACKUP_2_5_2026\Yubikey\Yubico demo website.txt","C:\Users\mylab\OneDrive\Desktop\AI-OS-Projec_BACKUP_2_5_2026\Yubikey",".txt","0.03","5/2/2026 8:17:51 PM","4/5/2026 11:52:18 AM","AI-OS","REVIEW_ONLY","NO_MOVE_NO_DELETE_NO_EDIT"
"Yubikey Documents.adoc","C:\Users\mylab\OneDrive\Desktop\AI-OS-Projec_BACKUP_2_5_2026\Yubikey\Yubikey Documents.adoc","C:\Users\mylab\OneDrive\Desktop\AI-OS-Projec_BACKUP_2_5_2026\Yubikey",".adoc","10.81","5/2/2026 8:17:51 PM","5/2/2026 5:27:17 PM","AI-OS","REVIEW_ONLY","NO_MOVE_NO_DELETE_NO_EDIT"
"yubikit.txt","C:\Users\mylab\OneDrive\Desktop\AI-OS-Projec_BACKUP_2_5_2026\Yubikey\yubikit.txt","C:\Users\mylab\OneDrive\Desktop\AI-OS-Projec_BACKUP_2_5_2026\Yubikey",".txt","10.81","5/2/2026 8:17:51 PM","5/2/2026 5:31:04 AM","AI-OS","REVIEW_ONLY","NO_MOVE_NO_DELETE_NO_EDIT"
"AlgoTradez    AI-OS.lnk","C:\Users\mylab\OneDrive\Desktop\AlgoTradez    AI-OS.lnk","C:\Users\mylab\OneDrive\Desktop",".lnk","2.88","5/1/2026 1:52:20 PM","5/1/2026 8:47:08 PM","AI-OS","REVIEW_ONLY","NO_MOVE_NO_DELETE_NO_EDIT"
"AI-OS_MASTER_GUIDELINES.md","C:\Users\mylab\OneDrive\Desktop\AlgoTradez-PostMortems\AI-OS_MASTER_GUIDELINES.md","C:\Users\mylab\OneDrive\Desktop\AlgoTradez-PostMortems",".md","15.31","5/2/2026 7:21:51 AM","5/2/2026 5:07:56 AM","AI-OS","REVIEW_ONLY","NO_MOVE_NO_DELETE_NO_EDIT"
"Deploy AI-OS.lnk","C:\Users\mylab\OneDrive\Desktop\Deploy AI-OS.lnk","C:\Users\mylab\OneDrive\Desktop",".lnk","1.84","5/1/2026 5:24:46 PM","5/1/2026 5:25:20 PM","AI-OS","REVIEW_ONLY","NO_MOVE_NO_DELETE_NO_EDIT"
"AlgoTradez_AI-OS_Roadmap_1(in).xlsx","C:\Users\mylab\OneDrive\Documents\AlgoTradez_AI-OS_Roadmap_1(in).xlsx","C:\Users\mylab\OneDrive\Documents",".xlsx","13.62","5/1/2026 11:30:22 PM","5/1/2026 11:31:54 PM","AI-OS","REVIEW_ONLY","NO_MOVE_NO_DELETE_NO_EDIT"
".gitignore","C:\Users\mylab\OneDrive\GitHub\_HOLD_ai-rtony91_Ai_Os_20260504_131210\.gitignore","C:\Users\mylab\OneDrive\GitHub\_HOLD_ai-rtony91_Ai_Os_20260504_131210",".gitignore","0.01","5/4/2026 12:17:18 PM","5/4/2026 12:17:18 PM","AI_OS","REVIEW_ONLY","NO_MOVE_NO_DELETE_NO_EDIT"
"README.md","C:\Users\mylab\OneDrive\GitHub\_HOLD_ai-rtony91_Ai_Os_20260504_131210\agent\runtime\README.md","C:\Users\mylab\OneDrive\GitHub\_HOLD_ai-rtony91_Ai_Os_20260504_131210\agent\runtime",".md","0.08","5/4/2026 12:16:27 PM","5/4/2026 12:16:27 PM","AI_OS","REVIEW_ONLY","NO_MOVE_NO_DELETE_NO_EDIT"
"AGENTS.md","C:\Users\mylab\OneDrive\GitHub\_HOLD_ai-rtony91_Ai_Os_20260504_131210\AGENTS.md","C:\Users\mylab\OneDrive\GitHub\_HOLD_ai-rtony91_Ai_Os_20260504_131210",".md","3.62","5/4/2026 12:28:08 PM","5/3/2026 8:02:07 PM","AI_OS; AGENTS.md","REVIEW_ONLY","NO_MOVE_NO_DELETE_NO_EDIT"
".gitignore","C:\Users\mylab\OneDrive\GitHub\_HOLD_ai-rtony91_Ai_Os_20260504_131210\apps\dashboard\.gitignore","C:\Users\mylab\OneDrive\GitHub\_HOLD_ai-rtony91_Ai_Os_20260504_131210\apps\dashboard",".gitignore","0.27","5/4/2026 12:16:27 PM","5/4/2026 12:16:27 PM","AI_OS","REVIEW_ONLY","NO_MOVE_NO_DELETE_NO_EDIT"
"eslint.config.js","C:\Users\mylab\OneDrive\GitHub\_HOLD_ai-rtony91_Ai_Os_20260504_131210\apps\dashboard\eslint.config.js","C:\Users\mylab\OneDrive\GitHub\_HOLD_ai-rtony91_Ai_Os_20260504_131210\apps\dashboard",".js","0.77","5/4/2026 12:16:27 PM","5/4/2026 12:16:27 PM","AI_OS","REVIEW_ONLY","NO_MOVE_NO_DELETE_NO_EDIT"
"index.html","C:\Users\mylab\OneDrive\GitHub\_HOLD_ai-rtony91_Ai_Os_20260504_131210\apps\dashboard\index.html","C:\Users\mylab\OneDrive\GitHub\_HOLD_ai-rtony91_Ai_Os_20260504_131210\apps\dashboard",".html","0.37","5/4/2026 12:16:27 PM","5/4/2026 12:16:27 PM","AI_OS","REVIEW_ONLY","NO_MOVE_NO_DELETE_NO_EDIT"
"package.json","C:\Users\mylab\OneDrive\GitHub\_HOLD_ai-rtony91_Ai_Os_20260504_131210\apps\dashboard\package.json","C:\Users\mylab\OneDrive\GitHub\_HOLD_ai-rtony91_Ai_Os_20260504_131210\apps\dashboard",".json","0.62","5/4/2026 12:16:27 PM","5/4/2026 12:16:27 PM","AI_OS","REVIEW_ONLY","NO_MOVE_NO_DELETE_NO_EDIT"
"package-lock.json","C:\Users\mylab\OneDrive\GitHub\_HOLD_ai-rtony91_Ai_Os_20260504_131210\apps\dashboard\package-lock.json","C:\Users\mylab\OneDrive\GitHub\_HOLD_ai-rtony91_Ai_Os_20260504_131210\apps\dashboard",".json","90.99","5/4/2026 12:16:27 PM","5/4/2026 12:16:27 PM","AI_OS","REVIEW_ONLY","NO_MOVE_NO_DELETE_NO_EDIT"
"favicon.svg","C:\Users\mylab\OneDrive\GitHub\_HOLD_ai-rtony91_Ai_Os_20260504_131210\apps\dashboard\public\favicon.svg","C:\Users\mylab\OneDrive\GitHub\_HOLD_ai-rtony91_Ai_Os_20260504_131210\apps\dashboard\public",".svg","9.3","5/4/2026 12:16:27 PM","5/4/2026 12:16:27 PM","AI_OS","REVIEW_ONLY","NO_MOVE_NO_DELETE_NO_EDIT"
"icons.svg","C:\Users\mylab\OneDrive\GitHub\_HOLD_ai-rtony91_Ai_Os_20260504_131210\apps\dashboard\public\icons.svg","C:\Users\mylab\OneDrive\GitHub\_HOLD_ai-rtony91_Ai_Os_20260504_131210\apps\dashboard\public",".svg","4.94","5/4/2026 12:16:27 PM","5/4/2026 12:16:27 PM","AI_OS","REVIEW_ONLY","NO_MOVE_NO_DELETE_NO_EDIT"
"README.md","C:\Users\mylab\OneDrive\GitHub\_HOLD_ai-rtony91_Ai_Os_20260504_131210\apps\dashboard\README.md","C:\Users\mylab\OneDrive\GitHub\_HOLD_ai-rtony91_Ai_Os_20260504_131210\apps\dashboard",".md","1.02","5/4/2026 12:16:27 PM","5/4/2026 12:16:27 PM","AI_OS","REVIEW_ONLY","NO_MOVE_NO_DELETE_NO_EDIT"
"App.css","C:\Users\mylab\OneDrive\GitHub\_HOLD_ai-rtony91_Ai_Os_20260504_131210\apps\dashboard\src\App.css","C:\Users\mylab\OneDrive\GitHub\_HOLD_ai-rtony91_Ai_Os_20260504_131210\apps\dashboard\src",".css","4.55","5/4/2026 12:16:27 PM","5/4/2026 12:16:27 PM","AI_OS","REVIEW_ONLY","NO_MOVE_NO_DELETE_NO_EDIT"
"App.jsx","C:\Users\mylab\OneDrive\GitHub\_HOLD_ai-rtony91_Ai_Os_20260504_131210\apps\dashboard\src\App.jsx","C:\Users\mylab\OneDrive\GitHub\_HOLD_ai-rtony91_Ai_Os_20260504_131210\apps\dashboard\src",".jsx","5.16","5/4/2026 12:16:27 PM","5/4/2026 12:16:27 PM","AI_OS","REVIEW_ONLY","NO_MOVE_NO_DELETE_NO_EDIT"
"hero.png","C:\Users\mylab\OneDrive\GitHub\_HOLD_ai-rtony91_Ai_Os_20260504_131210\apps\dashboard\src\assets\hero.png","C:\Users\mylab\OneDrive\GitHub\_HOLD_ai-rtony91_Ai_Os_20260504_131210\apps\dashboard\src\assets",".png","43.87","5/4/2026 12:16:27 PM","5/4/2026 12:16:27 PM","AI_OS","REVIEW_ONLY","NO_MOVE_NO_DELETE_NO_EDIT"
"react.svg","C:\Users\mylab\OneDrive\GitHub\_HOLD_ai-rtony91_Ai_Os_20260504_131210\apps\dashboard\src\assets\react.svg","C:\Users\mylab\OneDrive\GitHub\_HOLD_ai-rtony91_Ai_Os_20260504_131210\apps\dashboard\src\assets",".svg","4.03","5/4/2026 12:16:27 PM","5/4/2026 12:16:27 PM","AI_OS","REVIEW_ONLY","NO_MOVE_NO_DELETE_NO_EDIT"
"vite.svg","C:\Users\mylab\OneDrive\GitHub\_HOLD_ai-rtony91_Ai_Os_20260504_131210\apps\dashboard\src\assets\vite.svg","C:\Users\mylab\OneDrive\GitHub\_HOLD_ai-rtony91_Ai_Os_20260504_131210\apps\dashboard\src\assets",".svg","8.51","5/4/2026 12:16:27 PM","5/4/2026 12:16:27 PM","AI_OS","REVIEW_ONLY","NO_MOVE_NO_DELETE_NO_EDIT"
"index.css","C:\Users\mylab\OneDrive\GitHub\_HOLD_ai-rtony91_Ai_Os_20260504_131210\apps\dashboard\src\index.css","C:\Users\mylab\OneDrive\GitHub\_HOLD_ai-rtony91_Ai_Os_20260504_131210\apps\dashboard\src",".css","2.23","5/4/2026 12:16:27 PM","5/4/2026 12:16:27 PM","AI_OS","REVIEW_ONLY","NO_MOVE_NO_DELETE_NO_EDIT"
"main.jsx","C:\Users\mylab\OneDrive\GitHub\_HOLD_ai-rtony91_Ai_Os_20260504_131210\apps\dashboard\src\main.jsx","C:\Users\mylab\OneDrive\GitHub\_HOLD_ai-rtony91_Ai_Os_20260504_131210\apps\dashboard\src",".jsx","0.23","5/4/2026 12:16:27 PM","5/4/2026 12:16:27 PM","AI_OS","REVIEW_ONLY","NO_MOVE_NO_DELETE_NO_EDIT"
"vite.config.js","C:\Users\mylab\OneDrive\GitHub\_HOLD_ai-rtony91_Ai_Os_20260504_131210\apps\dashboard\vite.config.js","C:\Users\mylab\OneDrive\GitHub\_HOLD_ai-rtony91_Ai_Os_20260504_131210\apps\dashboard",".js","0.16","5/4/2026 12:16:27 PM","5/4/2026 12:16:27 PM","AI_OS","REVIEW_ONLY","NO_MOVE_NO_DELETE_NO_EDIT"
"README.md","C:\Users\mylab\OneDrive\GitHub\_HOLD_ai-rtony91_Ai_Os_20260504_131210\automation\pipeline\README.md","C:\Users\mylab\OneDrive\GitHub\_HOLD_ai-rtony91_Ai_Os_20260504_131210\automation\pipeline",".md","0.09","5/4/2026 12:16:27 PM","5/4/2026 12:16:27 PM","AI_OS","REVIEW_ONLY","NO_MOVE_NO_DELETE_NO_EDIT"
"desktop.ini","C:\Users\mylab\OneDrive\GitHub\_HOLD_ai-rtony91_Ai_Os_20260504_131210\desktop.ini","C:\Users\mylab\OneDrive\GitHub\_HOLD_ai-rtony91_Ai_Os_20260504_131210",".ini","0.06","5/4/2026 12:16:27 PM","5/4/2026 12:16:32 PM","AI_OS","REVIEW_ONLY","NO_MOVE_NO_DELETE_NO_EDIT"
"AGENTS.md","C:\Users\mylab\OneDrive\GitHub\_HOLD_ai-rtony91_Ai_Os_20260504_131210\docs\AI_OS\AGENTS.md","C:\Users\mylab\OneDrive\GitHub\_HOLD_ai-rtony91_Ai_Os_20260504_131210\docs\AI_OS",".md","1.28","5/4/2026 12:28:08 PM","5/4/2026 11:32:04 AM","AI_OS; AGENTS.md","REVIEW_ONLY","NO_MOVE_NO_DELETE_NO_EDIT"
"SYSTEM_LEVEL_AI_WIZARDS.md","C:\Users\mylab\OneDrive\GitHub\_HOLD_ai-rtony91_Ai_Os_20260504_131210\docs\AI_OS\architecture\SYSTEM_LEVEL_AI_WIZARDS.md","C:\Users\mylab\OneDrive\GitHub\_HOLD_ai-rtony91_Ai_Os_20260504_131210\docs\AI_OS\architecture",".md","0.92","5/4/2026 12:28:08 PM","5/3/2026 5:51:43 PM","AI_OS","REVIEW_ONLY","NO_MOVE_NO_DELETE_NO_EDIT"
"00_START_HERE_AI_OS_CONTEXT_PACK.md","C:\Users\mylab\OneDrive\GitHub\_HOLD_ai-rtony91_Ai_Os_20260504_131210\docs\AI_OS\system_wizards\00_START_HERE_AI_OS_CONTEXT_PACK.md","C:\Users\mylab\OneDrive\GitHub\_HOLD_ai-rtony91_Ai_Os_20260504_131210\docs\AI_OS\system_wizards",".md","1.42","5/4/2026 12:28:08 PM","5/4/2026 12:45:55 PM","AI_OS; system_wizards","REVIEW_ONLY","NO_MOVE_NO_DELETE_NO_EDIT"
"01_CURRENT_STATE.md","C:\Users\mylab\OneDrive\GitHub\_HOLD_ai-rtony91_Ai_Os_20260504_131210\docs\AI_OS\system_wizards\01_CURRENT_STATE.md","C:\Users\mylab\OneDrive\GitHub\_HOLD_ai-rtony91_Ai_Os_20260504_131210\docs\AI_OS\system_wizards",".md","1","5/4/2026 12:28:08 PM","5/4/2026 12:45:55 PM","AI_OS; system_wizards","REVIEW_ONLY","NO_MOVE_NO_DELETE_NO_EDIT"
"02_CHECKPOINT.md","C:\Users\mylab\OneDrive\GitHub\_HOLD_ai-rtony91_Ai_Os_20260504_131210\docs\AI_OS\system_wizards\02_CHECKPOINT.md","C:\Users\mylab\OneDrive\GitHub\_HOLD_ai-rtony91_Ai_Os_20260504_131210\docs\AI_OS\system_wizards",".md","0.72","5/4/2026 12:28:08 PM","5/4/2026 12:45:55 PM","AI_OS; system_wizards","REVIEW_ONLY","NO_MOVE_NO_DELETE_NO_EDIT"
"03_ARCHITECTURE_LOCK.md","C:\Users\mylab\OneDrive\GitHub\_HOLD_ai-rtony91_Ai_Os_20260504_131210\docs\AI_OS\system_wizards\03_ARCHITECTURE_LOCK.md","C:\Users\mylab\OneDrive\GitHub\_HOLD_ai-rtony91_Ai_Os_20260504_131210\docs\AI_OS\system_wizards",".md","1.09","5/4/2026 12:28:08 PM","5/4/2026 12:45:55 PM","AI_OS; system_wizards","REVIEW_ONLY","NO_MOVE_NO_DELETE_NO_EDIT"
"04_AGENT_ROLES.md","C:\Users\mylab\OneDrive\GitHub\_HOLD_ai-rtony91_Ai_Os_20260504_131210\docs\AI_OS\system_wizards\04_AGENT_ROLES.md","C:\Users\mylab\OneDrive\GitHub\_HOLD_ai-rtony91_Ai_Os_20260504_131210\docs\AI_OS\system_wizards",".md","0.93","5/4/2026 12:28:08 PM","5/4/2026 12:45:55 PM","AI_OS; system_wizards","REVIEW_ONLY","NO_MOVE_NO_DELETE_NO_EDIT"
"05_RULES_AND_GUARDRAILS.md","C:\Users\mylab\OneDrive\GitHub\_HOLD_ai-rtony91_Ai_Os_20260504_131210\docs\AI_OS\system_wizards\05_RULES_AND_GUARDRAILS.md","C:\Users\mylab\OneDrive\GitHub\_HOLD_ai-rtony91_Ai_Os_20260504_131210\docs\AI_OS\system_wizards",".md","0.78","5/4/2026 12:28:08 PM","5/4/2026 12:45:55 PM","AI_OS; system_wizards","REVIEW_ONLY","NO_MOVE_NO_DELETE_NO_EDIT"
"06_PROJECT_PATHS.md","C:\Users\mylab\OneDrive\GitHub\_HOLD_ai-rtony91_Ai_Os_20260504_131210\docs\AI_OS\system_wizards\06_PROJECT_PATHS.md","C:\Users\mylab\OneDrive\GitHub\_HOLD_ai-rtony91_Ai_Os_20260504_131210\docs\AI_OS\system_wizards",".md","0.65","5/4/2026 12:28:08 PM","5/4/2026 12:45:55 PM","AI_OS; system_wizards","REVIEW_ONLY","NO_MOVE_NO_DELETE_NO_EDIT"
"07_DAILY_REPORT_PROMPT.md","C:\Users\mylab\OneDrive\GitHub\_HOLD_ai-rtony91_Ai_Os_20260504_131210\docs\AI_OS\system_wizards\07_DAILY_REPORT_PROMPT.md","C:\Users\mylab\OneDrive\GitHub\_HOLD_ai-rtony91_Ai_Os_20260504_131210\docs\AI_OS\system_wizards",".md","1.1","5/4/2026 12:28:08 PM","5/4/2026 12:45:55 PM","AI_OS; system_wizards; DAILY_REPORT","REVIEW_ONLY","NO_MOVE_NO_DELETE_NO_EDIT"
"START_HERE_AI_OS_CONTEXT_PACK.md","C:\Users\mylab\OneDrive\GitHub\_HOLD_ai-rtony91_Ai_Os_20260504_131210\docs\AI_OS\system_wizards\START_HERE_AI_OS_CONTEXT_PACK.md","C:\Users\mylab\OneDrive\GitHub\_HOLD_ai-rtony91_Ai_Os_20260504_131210\docs\AI_OS\system_wizards",".md","0.76","5/4/2026 12:16:27 PM","5/4/2026 12:16:27 PM","AI_OS; system_wizards","REVIEW_ONLY","NO_MOVE_NO_DELETE_NO_EDIT"
"AI_OS_White_Paper.md","C:\Users\mylab\OneDrive\GitHub\_HOLD_ai-rtony91_Ai_Os_20260504_131210\docs\AI_OS_White_Paper.md","C:\Users\mylab\OneDrive\GitHub\_HOLD_ai-rtony91_Ai_Os_20260504_131210\docs",".md","0.45","5/4/2026 12:16:27 PM","5/4/2026 12:16:27 PM","AI_OS","REVIEW_ONLY","NO_MOVE_NO_DELETE_NO_EDIT"
"AI-OS_MASTER_GUIDELINES.md","C:\Users\mylab\OneDrive\GitHub\_HOLD_ai-rtony91_Ai_Os_20260504_131210\docs\AI-OS_MASTER_GUIDELINES.md","C:\Users\mylab\OneDrive\GitHub\_HOLD_ai-rtony91_Ai_Os_20260504_131210\docs",".md","15.31","5/4/2026 12:28:08 PM","5/2/2026 7:03:10 AM","AI_OS; AI-OS","REVIEW_ONLY","NO_MOVE_NO_DELETE_NO_EDIT"
"api-contract.md","C:\Users\mylab\OneDrive\GitHub\_HOLD_ai-rtony91_Ai_Os_20260504_131210\docs\specs\api-contract.md","C:\Users\mylab\OneDrive\GitHub\_HOLD_ai-rtony91_Ai_Os_20260504_131210\docs\specs",".md","0.54","5/4/2026 12:16:27 PM","5/4/2026 12:16:27 PM","AI_OS","REVIEW_ONLY","NO_MOVE_NO_DELETE_NO_EDIT"
"automation-pipeline.md","C:\Users\mylab\OneDrive\GitHub\_HOLD_ai-rtony91_Ai_Os_20260504_131210\docs\specs\automation-pipeline.md","C:\Users\mylab\OneDrive\GitHub\_HOLD_ai-rtony91_Ai_Os_20260504_131210\docs\specs",".md","0.92","5/4/2026 12:16:27 PM","5/4/2026 12:16:27 PM","AI_OS","REVIEW_ONLY","NO_MOVE_NO_DELETE_NO_EDIT"
"ui-spec.md","C:\Users\mylab\OneDrive\GitHub\_HOLD_ai-rtony91_Ai_Os_20260504_131210\docs\specs\ui-spec.md","C:\Users\mylab\OneDrive\GitHub\_HOLD_ai-rtony91_Ai_Os_20260504_131210\docs\specs",".md","1.22","5/4/2026 12:16:27 PM","5/4/2026 12:16:27 PM","AI_OS","REVIEW_ONLY","NO_MOVE_NO_DELETE_NO_EDIT"
"White_Paper.md","C:\Users\mylab\OneDrive\GitHub\_HOLD_ai-rtony91_Ai_Os_20260504_131210\docs\White_Paper.md","C:\Users\mylab\OneDrive\GitHub\_HOLD_ai-rtony91_Ai_Os_20260504_131210\docs",".md","22.15","5/4/2026 12:28:08 PM","5/2/2026 5:06:50 AM","AI_OS","REVIEW_ONLY","NO_MOVE_NO_DELETE_NO_EDIT"
"README.md","C:\Users\mylab\OneDrive\GitHub\_HOLD_ai-rtony91_Ai_Os_20260504_131210\inputs\README.md","C:\Users\mylab\OneDrive\GitHub\_HOLD_ai-rtony91_Ai_Os_20260504_131210\inputs",".md","0","5/4/2026 12:16:27 PM","5/4/2026 12:16:27 PM","AI_OS","REVIEW_ONLY","NO_MOVE_NO_DELETE_NO_EDIT"
"whitepaper.md","C:\Users\mylab\OneDrive\GitHub\_HOLD_ai-rtony91_Ai_Os_20260504_131210\inputs\whitepaper.md","C:\Users\mylab\OneDrive\GitHub\_HOLD_ai-rtony91_Ai_Os_20260504_131210\inputs",".md","0","5/4/2026 12:16:27 PM","5/4/2026 12:16:27 PM","AI_OS; whitepaper","REVIEW_ONLY","NO_MOVE_NO_DELETE_NO_EDIT"
"READme.pdf","C:\Users\mylab\OneDrive\GitHub\_HOLD_ai-rtony91_Ai_Os_20260504_131210\internal\source-artifacts\pdf\READme.pdf","C:\Users\mylab\OneDrive\GitHub\_HOLD_ai-rtony91_Ai_Os_20260504_131210\internal\source-artifacts\pdf",".pdf","6.88","5/4/2026 12:16:27 PM","5/4/2026 12:16:27 PM","AI_OS","REVIEW_ONLY","NO_MOVE_NO_DELETE_NO_EDIT"
"whitepaper.pdf","C:\Users\mylab\OneDrive\GitHub\_HOLD_ai-rtony91_Ai_Os_20260504_131210\internal\source-artifacts\pdf\whitepaper.pdf","C:\Users\mylab\OneDrive\GitHub\_HOLD_ai-rtony91_Ai_Os_20260504_131210\internal\source-artifacts\pdf",".pdf","5.45","5/4/2026 12:16:27 PM","5/4/2026 12:16:27 PM","AI_OS; whitepaper","REVIEW_ONLY","NO_MOVE_NO_DELETE_NO_EDIT"
"folderUse.txt","C:\Users\mylab\OneDrive\GitHub\_HOLD_ai-rtony91_Ai_Os_20260504_131210\internal\source-artifacts\txt\folderUse.txt","C:\Users\mylab\OneDrive\GitHub\_HOLD_ai-rtony91_Ai_Os_20260504_131210\internal\source-artifacts\txt",".txt","0.08","5/4/2026 12:16:27 PM","5/4/2026 12:16:27 PM","AI_OS","REVIEW_ONLY","NO_MOVE_NO_DELETE_NO_EDIT"
"project.manifest.json","C:\Users\mylab\OneDrive\GitHub\_HOLD_ai-rtony91_Ai_Os_20260504_131210\project.manifest.json","C:\Users\mylab\OneDrive\GitHub\_HOLD_ai-rtony91_Ai_Os_20260504_131210",".json","0.11","5/4/2026 12:16:27 PM","5/4/2026 12:16:27 PM","AI_OS","REVIEW_ONLY","NO_MOVE_NO_DELETE_NO_EDIT"
"README.md","C:\Users\mylab\OneDrive\GitHub\_HOLD_ai-rtony91_Ai_Os_20260504_131210\README.md","C:\Users\mylab\OneDrive\GitHub\_HOLD_ai-rtony91_Ai_Os_20260504_131210",".md","1.34","5/4/2026 12:16:27 PM","5/4/2026 12:16:27 PM","AI_OS","REVIEW_ONLY","NO_MOVE_NO_DELETE_NO_EDIT"
"AI_OS_LOCAL_INVENTORY_2026-05-04.txt","C:\Users\mylab\OneDrive\GitHub\_HOLD_ai-rtony91_Ai_Os_20260504_131210\Reports\daily\AI_OS_LOCAL_INVENTORY_2026-05-04.txt","C:\Users\mylab\OneDrive\GitHub\_HOLD_ai-rtony91_Ai_Os_20260504_131210\Reports\daily",".txt","17","5/4/2026 12:28:08 PM","5/4/2026 12:10:37 PM","AI_OS","REVIEW_ONLY","NO_MOVE_NO_DELETE_NO_EDIT"
"CODEX_REPO_MISMATCH_2026-05-04.md","C:\Users\mylab\OneDrive\GitHub\_HOLD_ai-rtony91_Ai_Os_20260504_131210\Reports\daily\CODEX_REPO_MISMATCH_2026-05-04.md","C:\Users\mylab\OneDrive\GitHub\_HOLD_ai-rtony91_Ai_Os_20260504_131210\Reports\daily",".md","1.49","5/4/2026 12:28:08 PM","5/4/2026 12:04:31 PM","AI_OS","REVIEW_ONLY","NO_MOVE_NO_DELETE_NO_EDIT"
"GITHUB_REPO_INVENTORY_2026-05-04.txt","C:\Users\mylab\OneDrive\GitHub\_HOLD_ai-rtony91_Ai_Os_20260504_131210\Reports\daily\GITHUB_REPO_INVENTORY_2026-05-04.txt","C:\Users\mylab\OneDrive\GitHub\_HOLD_ai-rtony91_Ai_Os_20260504_131210\Reports\daily",".txt","19.15","5/4/2026 12:28:08 PM","5/4/2026 12:21:14 PM","AI_OS","REVIEW_ONLY","NO_MOVE_NO_DELETE_NO_EDIT"
"index.js","C:\Users\mylab\OneDrive\GitHub\_HOLD_ai-rtony91_Ai_Os_20260504_131210\services\orchestrator\index.js","C:\Users\mylab\OneDrive\GitHub\_HOLD_ai-rtony91_Ai_Os_20260504_131210\services\orchestrator",".js","1.68","5/4/2026 12:16:27 PM","5/4/2026 12:16:27 PM","AI_OS","REVIEW_ONLY","NO_MOVE_NO_DELETE_NO_EDIT"
"package.json","C:\Users\mylab\OneDrive\GitHub\_HOLD_ai-rtony91_Ai_Os_20260504_131210\services\orchestrator\package.json","C:\Users\mylab\OneDrive\GitHub\_HOLD_ai-rtony91_Ai_Os_20260504_131210\services\orchestrator",".json","0.4","5/4/2026 12:16:27 PM","5/4/2026 12:16:27 PM","AI_OS","REVIEW_ONLY","NO_MOVE_NO_DELETE_NO_EDIT"
"package-lock.json","C:\Users\mylab\OneDrive\GitHub\_HOLD_ai-rtony91_Ai_Os_20260504_131210\services\orchestrator\package-lock.json","C:\Users\mylab\OneDrive\GitHub\_HOLD_ai-rtony91_Ai_Os_20260504_131210\services\orchestrator",".json","36.09","5/4/2026 12:16:27 PM","5/4/2026 12:16:27 PM","AI_OS","REVIEW_ONLY","NO_MOVE_NO_DELETE_NO_EDIT"
"README.md","C:\Users\mylab\OneDrive\GitHub\_HOLD_ai-rtony91_Ai_Os_20260504_131210\services\orchestrator\README.md","C:\Users\mylab\OneDrive\GitHub\_HOLD_ai-rtony91_Ai_Os_20260504_131210\services\orchestrator",".md","0.08","5/4/2026 12:16:27 PM","5/4/2026 12:16:27 PM","AI_OS","REVIEW_ONLY","NO_MOVE_NO_DELETE_NO_EDIT"
".gitignore","C:\Users\mylab\OneDrive\GitHub\ai-rtony91_Ai_Os_CLEAN\.gitignore","C:\Users\mylab\OneDrive\GitHub\ai-rtony91_Ai_Os_CLEAN",".gitignore","0.15","5/4/2026 1:12:11 PM","5/4/2026 2:03:05 PM","AI_OS","REVIEW_ONLY","NO_MOVE_NO_DELETE_NO_EDIT"
"README.md","C:\Users\mylab\OneDrive\GitHub\ai-rtony91_Ai_Os_CLEAN\agent\runtime\README.md","C:\Users\mylab\OneDrive\GitHub\ai-rtony91_Ai_Os_CLEAN\agent\runtime",".md","0.08","5/4/2026 1:12:11 PM","5/4/2026 1:12:11 PM","AI_OS","REVIEW_ONLY","NO_MOVE_NO_DELETE_NO_EDIT"
"AGENTS.md","C:\Users\mylab\OneDrive\GitHub\ai-rtony91_Ai_Os_CLEAN\AGENTS.md","C:\Users\mylab\OneDrive\GitHub\ai-rtony91_Ai_Os_CLEAN",".md","6.24","5/4/2026 1:12:11 PM","5/4/2026 3:40:18 PM","AI_OS; AGENTS.md","REVIEW_ONLY","NO_MOVE_NO_DELETE_NO_EDIT"
".gitignore","C:\Users\mylab\OneDrive\GitHub\ai-rtony91_Ai_Os_CLEAN\apps\dashboard\.gitignore","C:\Users\mylab\OneDrive\GitHub\ai-rtony91_Ai_Os_CLEAN\apps\dashboard",".gitignore","0.27","5/4/2026 1:12:11 PM","5/4/2026 1:12:11 PM","AI_OS","REVIEW_ONLY","NO_MOVE_NO_DELETE_NO_EDIT"
"eslint.config.js","C:\Users\mylab\OneDrive\GitHub\ai-rtony91_Ai_Os_CLEAN\apps\dashboard\eslint.config.js","C:\Users\mylab\OneDrive\GitHub\ai-rtony91_Ai_Os_CLEAN\apps\dashboard",".js","0.77","5/4/2026 1:12:11 PM","5/4/2026 1:12:11 PM","AI_OS","REVIEW_ONLY","NO_MOVE_NO_DELETE_NO_EDIT"
"index.html","C:\Users\mylab\OneDrive\GitHub\ai-rtony91_Ai_Os_CLEAN\apps\dashboard\index.html","C:\Users\mylab\OneDrive\GitHub\ai-rtony91_Ai_Os_CLEAN\apps\dashboard",".html","0.37","5/4/2026 1:12:11 PM","5/4/2026 1:12:11 PM","AI_OS","REVIEW_ONLY","NO_MOVE_NO_DELETE_NO_EDIT"
"package.json","C:\Users\mylab\OneDrive\GitHub\ai-rtony91_Ai_Os_CLEAN\apps\dashboard\package.json","C:\Users\mylab\OneDrive\GitHub\ai-rtony91_Ai_Os_CLEAN\apps\dashboard",".json","0.62","5/4/2026 1:12:11 PM","5/4/2026 1:12:11 PM","AI_OS","REVIEW_ONLY","NO_MOVE_NO_DELETE_NO_EDIT"
"package-lock.json","C:\Users\mylab\OneDrive\GitHub\ai-rtony91_Ai_Os_CLEAN\apps\dashboard\package-lock.json","C:\Users\mylab\OneDrive\GitHub\ai-rtony91_Ai_Os_CLEAN\apps\dashboard",".json","90.99","5/4/2026 1:12:11 PM","5/4/2026 1:12:11 PM","AI_OS","REVIEW_ONLY","NO_MOVE_NO_DELETE_NO_EDIT"
"favicon.svg","C:\Users\mylab\OneDrive\GitHub\ai-rtony91_Ai_Os_CLEAN\apps\dashboard\public\favicon.svg","C:\Users\mylab\OneDrive\GitHub\ai-rtony91_Ai_Os_CLEAN\apps\dashboard\public",".svg","9.3","5/4/2026 1:12:11 PM","5/4/2026 1:12:11 PM","AI_OS","REVIEW_ONLY","NO_MOVE_NO_DELETE_NO_EDIT"
"icons.svg","C:\Users\mylab\OneDrive\GitHub\ai-rtony91_Ai_Os_CLEAN\apps\dashboard\public\icons.svg","C:\Users\mylab\OneDrive\GitHub\ai-rtony91_Ai_Os_CLEAN\apps\dashboard\public",".svg","4.94","5/4/2026 1:12:11 PM","5/4/2026 1:12:11 PM","AI_OS","REVIEW_ONLY","NO_MOVE_NO_DELETE_NO_EDIT"
"README.md","C:\Users\mylab\OneDrive\GitHub\ai-rtony91_Ai_Os_CLEAN\apps\dashboard\README.md","C:\Users\mylab\OneDrive\GitHub\ai-rtony91_Ai_Os_CLEAN\apps\dashboard",".md","1.02","5/4/2026 1:12:11 PM","5/4/2026 1:12:11 PM","AI_OS","REVIEW_ONLY","NO_MOVE_NO_DELETE_NO_EDIT"
"App.css","C:\Users\mylab\OneDrive\GitHub\ai-rtony91_Ai_Os_CLEAN\apps\dashboard\src\App.css","C:\Users\mylab\OneDrive\GitHub\ai-rtony91_Ai_Os_CLEAN\apps\dashboard\src",".css","4.55","5/4/2026 1:12:11 PM","5/4/2026 1:12:11 PM","AI_OS","REVIEW_ONLY","NO_MOVE_NO_DELETE_NO_EDIT"
"App.jsx","C:\Users\mylab\OneDrive\GitHub\ai-rtony91_Ai_Os_CLEAN\apps\dashboard\src\App.jsx","C:\Users\mylab\OneDrive\GitHub\ai-rtony91_Ai_Os_CLEAN\apps\dashboard\src",".jsx","5.16","5/4/2026 1:12:11 PM","5/4/2026 1:12:11 PM","AI_OS","REVIEW_ONLY","NO_MOVE_NO_DELETE_NO_EDIT"
"hero.png","C:\Users\mylab\OneDrive\GitHub\ai-rtony91_Ai_Os_CLEAN\apps\dashboard\src\assets\hero.png","C:\Users\mylab\OneDrive\GitHub\ai-rtony91_Ai_Os_CLEAN\apps\dashboard\src\assets",".png","43.87","5/4/2026 1:12:11 PM","5/4/2026 1:12:11 PM","AI_OS","REVIEW_ONLY","NO_MOVE_NO_DELETE_NO_EDIT"
"react.svg","C:\Users\mylab\OneDrive\GitHub\ai-rtony91_Ai_Os_CLEAN\apps\dashboard\src\assets\react.svg","C:\Users\mylab\OneDrive\GitHub\ai-rtony91_Ai_Os_CLEAN\apps\dashboard\src\assets",".svg","4.03","5/4/2026 1:12:11 PM","5/4/2026 1:12:11 PM","AI_OS","REVIEW_ONLY","NO_MOVE_NO_DELETE_NO_EDIT"
"vite.svg","C:\Users\mylab\OneDrive\GitHub\ai-rtony91_Ai_Os_CLEAN\apps\dashboard\src\assets\vite.svg","C:\Users\mylab\OneDrive\GitHub\ai-rtony91_Ai_Os_CLEAN\apps\dashboard\src\assets",".svg","8.51","5/4/2026 1:12:11 PM","5/4/2026 1:12:11 PM","AI_OS","REVIEW_ONLY","NO_MOVE_NO_DELETE_NO_EDIT"
"index.css","C:\Users\mylab\OneDrive\GitHub\ai-rtony91_Ai_Os_CLEAN\apps\dashboard\src\index.css","C:\Users\mylab\OneDrive\GitHub\ai-rtony91_Ai_Os_CLEAN\apps\dashboard\src",".css","2.23","5/4/2026 1:12:11 PM","5/4/2026 1:12:11 PM","AI_OS","REVIEW_ONLY","NO_MOVE_NO_DELETE_NO_EDIT"
"main.jsx","C:\Users\mylab\OneDrive\GitHub\ai-rtony91_Ai_Os_CLEAN\apps\dashboard\src\main.jsx","C:\Users\mylab\OneDrive\GitHub\ai-rtony91_Ai_Os_CLEAN\apps\dashboard\src",".jsx","0.23","5/4/2026 1:12:11 PM","5/4/2026 1:12:11 PM","AI_OS","REVIEW_ONLY","NO_MOVE_NO_DELETE_NO_EDIT"
"vite.config.js","C:\Users\mylab\OneDrive\GitHub\ai-rtony91_Ai_Os_CLEAN\apps\dashboard\vite.config.js","C:\Users\mylab\OneDrive\GitHub\ai-rtony91_Ai_Os_CLEAN\apps\dashboard",".js","0.16","5/4/2026 1:12:11 PM","5/4/2026 1:12:11 PM","AI_OS","REVIEW_ONLY","NO_MOVE_NO_DELETE_NO_EDIT"
"README.md","C:\Users\mylab\OneDrive\GitHub\ai-rtony91_Ai_Os_CLEAN\automation\pipeline\README.md","C:\Users\mylab\OneDrive\GitHub\ai-rtony91_Ai_Os_CLEAN\automation\pipeline",".md","0.09","5/4/2026 1:12:11 PM","5/4/2026 1:12:11 PM","AI_OS","REVIEW_ONLY","NO_MOVE_NO_DELETE_NO_EDIT"
"AGENTS.md","C:\Users\mylab\OneDrive\GitHub\ai-rtony91_Ai_Os_CLEAN\docs\AI_OS\AGENTS.md","C:\Users\mylab\OneDrive\GitHub\ai-rtony91_Ai_Os_CLEAN\docs\AI_OS",".md","3.9","5/4/2026 1:12:11 PM","5/4/2026 3:40:18 PM","AI_OS; AGENTS.md","REVIEW_ONLY","NO_MOVE_NO_DELETE_NO_EDIT"
"SYSTEM_LEVEL_AI_WIZARDS.md","C:\Users\mylab\OneDrive\GitHub\ai-rtony91_Ai_Os_CLEAN\docs\AI_OS\architecture\SYSTEM_LEVEL_AI_WIZARDS.md","C:\Users\mylab\OneDrive\GitHub\ai-rtony91_Ai_Os_CLEAN\docs\AI_OS\architecture",".md","0.96","5/4/2026 1:12:11 PM","5/4/2026 1:12:11 PM","AI_OS","REVIEW_ONLY","NO_MOVE_NO_DELETE_NO_EDIT"
"00_START_HERE_AI_OS_CONTEXT_PACK.md","C:\Users\mylab\OneDrive\GitHub\ai-rtony91_Ai_Os_CLEAN\docs\AI_OS\system_wizards\00_START_HERE_AI_OS_CONTEXT_PACK.md","C:\Users\mylab\OneDrive\GitHub\ai-rtony91_Ai_Os_CLEAN\docs\AI_OS\system_wizards",".md","1.42","5/4/2026 1:12:11 PM","5/4/2026 1:12:11 PM","AI_OS; system_wizards","REVIEW_ONLY","NO_MOVE_NO_DELETE_NO_EDIT"
"01_CURRENT_STATE.md","C:\Users\mylab\OneDrive\GitHub\ai-rtony91_Ai_Os_CLEAN\docs\AI_OS\system_wizards\01_CURRENT_STATE.md","C:\Users\mylab\OneDrive\GitHub\ai-rtony91_Ai_Os_CLEAN\docs\AI_OS\system_wizards",".md","1","5/4/2026 1:12:11 PM","5/4/2026 1:12:11 PM","AI_OS; system_wizards","REVIEW_ONLY","NO_MOVE_NO_DELETE_NO_EDIT"
"02_CHECKPOINT.md","C:\Users\mylab\OneDrive\GitHub\ai-rtony91_Ai_Os_CLEAN\docs\AI_OS\system_wizards\02_CHECKPOINT.md","C:\Users\mylab\OneDrive\GitHub\ai-rtony91_Ai_Os_CLEAN\docs\AI_OS\system_wizards",".md","0.72","5/4/2026 1:12:11 PM","5/4/2026 1:12:11 PM","AI_OS; system_wizards","REVIEW_ONLY","NO_MOVE_NO_DELETE_NO_EDIT"
"03_ARCHITECTURE_LOCK.md","C:\Users\mylab\OneDrive\GitHub\ai-rtony91_Ai_Os_CLEAN\docs\AI_OS\system_wizards\03_ARCHITECTURE_LOCK.md","C:\Users\mylab\OneDrive\GitHub\ai-rtony91_Ai_Os_CLEAN\docs\AI_OS\system_wizards",".md","1.09","5/4/2026 1:12:11 PM","5/4/2026 1:12:11 PM","AI_OS; system_wizards","REVIEW_ONLY","NO_MOVE_NO_DELETE_NO_EDIT"
"04_AGENT_ROLES.md","C:\Users\mylab\OneDrive\GitHub\ai-rtony91_Ai_Os_CLEAN\docs\AI_OS\system_wizards\04_AGENT_ROLES.md","C:\Users\mylab\OneDrive\GitHub\ai-rtony91_Ai_Os_CLEAN\docs\AI_OS\system_wizards",".md","0.93","5/4/2026 1:12:11 PM","5/4/2026 1:12:11 PM","AI_OS; system_wizards","REVIEW_ONLY","NO_MOVE_NO_DELETE_NO_EDIT"
"05_RULES_AND_GUARDRAILS.md","C:\Users\mylab\OneDrive\GitHub\ai-rtony91_Ai_Os_CLEAN\docs\AI_OS\system_wizards\05_RULES_AND_GUARDRAILS.md","C:\Users\mylab\OneDrive\GitHub\ai-rtony91_Ai_Os_CLEAN\docs\AI_OS\system_wizards",".md","0.78","5/4/2026 1:12:11 PM","5/4/2026 1:12:11 PM","AI_OS; system_wizards","REVIEW_ONLY","NO_MOVE_NO_DELETE_NO_EDIT"
"06_PROJECT_PATHS.md","C:\Users\mylab\OneDrive\GitHub\ai-rtony91_Ai_Os_CLEAN\docs\AI_OS\system_wizards\06_PROJECT_PATHS.md","C:\Users\mylab\OneDrive\GitHub\ai-rtony91_Ai_Os_CLEAN\docs\AI_OS\system_wizards",".md","0.65","5/4/2026 1:12:11 PM","5/4/2026 1:12:11 PM","AI_OS; system_wizards","REVIEW_ONLY","NO_MOVE_NO_DELETE_NO_EDIT"
"07_DAILY_REPORT_PROMPT.md","C:\Users\mylab\OneDrive\GitHub\ai-rtony91_Ai_Os_CLEAN\docs\AI_OS\system_wizards\07_DAILY_REPORT_PROMPT.md","C:\Users\mylab\OneDrive\GitHub\ai-rtony91_Ai_Os_CLEAN\docs\AI_OS\system_wizards",".md","1.1","5/4/2026 1:12:11 PM","5/4/2026 1:12:11 PM","AI_OS; system_wizards; DAILY_REPORT","REVIEW_ONLY","NO_MOVE_NO_DELETE_NO_EDIT"
"START_HERE_AI_OS_CONTEXT_PACK.md","C:\Users\mylab\OneDrive\GitHub\ai-rtony91_Ai_Os_CLEAN\docs\AI_OS\system_wizards\START_HERE_AI_OS_CONTEXT_PACK.md","C:\Users\mylab\OneDrive\GitHub\ai-rtony91_Ai_Os_CLEAN\docs\AI_OS\system_wizards",".md","0.73","5/4/2026 1:12:11 PM","5/4/2026 1:49:50 PM","AI_OS; system_wizards","REVIEW_ONLY","NO_MOVE_NO_DELETE_NO_EDIT"
"AI_OS_White_Paper.md","C:\Users\mylab\OneDrive\GitHub\ai-rtony91_Ai_Os_CLEAN\docs\AI_OS_White_Paper.md","C:\Users\mylab\OneDrive\GitHub\ai-rtony91_Ai_Os_CLEAN\docs",".md","0.51","5/4/2026 1:12:11 PM","5/4/2026 1:38:09 PM","AI_OS","REVIEW_ONLY","NO_MOVE_NO_DELETE_NO_EDIT"
"AI-OS_MASTER_GUIDELINES.md","C:\Users\mylab\OneDrive\GitHub\ai-rtony91_Ai_Os_CLEAN\docs\AI-OS_MASTER_GUIDELINES.md","C:\Users\mylab\OneDrive\GitHub\ai-rtony91_Ai_Os_CLEAN\docs",".md","15.75","5/4/2026 1:12:11 PM","5/4/2026 1:12:11 PM","AI_OS; AI-OS","REVIEW_ONLY","NO_MOVE_NO_DELETE_NO_EDIT"
"api-contract.md","C:\Users\mylab\OneDrive\GitHub\ai-rtony91_Ai_Os_CLEAN\docs\specs\api-contract.md","C:\Users\mylab\OneDrive\GitHub\ai-rtony91_Ai_Os_CLEAN\docs\specs",".md","0.54","5/4/2026 1:12:11 PM","5/4/2026 1:12:11 PM","AI_OS","REVIEW_ONLY","NO_MOVE_NO_DELETE_NO_EDIT"
"automation-pipeline.md","C:\Users\mylab\OneDrive\GitHub\ai-rtony91_Ai_Os_CLEAN\docs\specs\automation-pipeline.md","C:\Users\mylab\OneDrive\GitHub\ai-rtony91_Ai_Os_CLEAN\docs\specs",".md","0.92","5/4/2026 1:12:11 PM","5/4/2026 1:12:11 PM","AI_OS","REVIEW_ONLY","NO_MOVE_NO_DELETE_NO_EDIT"
"ui-spec.md","C:\Users\mylab\OneDrive\GitHub\ai-rtony91_Ai_Os_CLEAN\docs\specs\ui-spec.md","C:\Users\mylab\OneDrive\GitHub\ai-rtony91_Ai_Os_CLEAN\docs\specs",".md","1.22","5/4/2026 1:12:11 PM","5/4/2026 1:12:11 PM","AI_OS","REVIEW_ONLY","NO_MOVE_NO_DELETE_NO_EDIT"
"White_Paper.md","C:\Users\mylab\OneDrive\GitHub\ai-rtony91_Ai_Os_CLEAN\docs\White_Paper.md","C:\Users\mylab\OneDrive\GitHub\ai-rtony91_Ai_Os_CLEAN\docs",".md","22.96","5/4/2026 1:12:11 PM","5/4/2026 1:38:09 PM","AI_OS","REVIEW_ONLY","NO_MOVE_NO_DELETE_NO_EDIT"
"README.md","C:\Users\mylab\OneDrive\GitHub\ai-rtony91_Ai_Os_CLEAN\inputs\README.md","C:\Users\mylab\OneDrive\GitHub\ai-rtony91_Ai_Os_CLEAN\inputs",".md","0","5/4/2026 1:12:11 PM","5/4/2026 1:12:11 PM","AI_OS","REVIEW_ONLY","NO_MOVE_NO_DELETE_NO_EDIT"
"whitepaper.md","C:\Users\mylab\OneDrive\GitHub\ai-rtony91_Ai_Os_CLEAN\inputs\whitepaper.md","C:\Users\mylab\OneDrive\GitHub\ai-rtony91_Ai_Os_CLEAN\inputs",".md","0.06","5/4/2026 1:12:11 PM","5/4/2026 1:38:09 PM","AI_OS; whitepaper","REVIEW_ONLY","NO_MOVE_NO_DELETE_NO_EDIT"
"READme.pdf","C:\Users\mylab\OneDrive\GitHub\ai-rtony91_Ai_Os_CLEAN\internal\source-artifacts\pdf\READme.pdf","C:\Users\mylab\OneDrive\GitHub\ai-rtony91_Ai_Os_CLEAN\internal\source-artifacts\pdf",".pdf","6.88","5/4/2026 1:12:11 PM","5/4/2026 1:12:11 PM","AI_OS","REVIEW_ONLY","NO_MOVE_NO_DELETE_NO_EDIT"
"whitepaper.pdf","C:\Users\mylab\OneDrive\GitHub\ai-rtony91_Ai_Os_CLEAN\internal\source-artifacts\pdf\whitepaper.pdf","C:\Users\mylab\OneDrive\GitHub\ai-rtony91_Ai_Os_CLEAN\internal\source-artifacts\pdf",".pdf","5.45","5/4/2026 1:12:11 PM","5/4/2026 1:12:11 PM","AI_OS; whitepaper","REVIEW_ONLY","NO_MOVE_NO_DELETE_NO_EDIT"
"folderUse.txt","C:\Users\mylab\OneDrive\GitHub\ai-rtony91_Ai_Os_CLEAN\internal\source-artifacts\txt\folderUse.txt","C:\Users\mylab\OneDrive\GitHub\ai-rtony91_Ai_Os_CLEAN\internal\source-artifacts\txt",".txt","0.08","5/4/2026 1:12:11 PM","5/4/2026 1:12:11 PM","AI_OS","REVIEW_ONLY","NO_MOVE_NO_DELETE_NO_EDIT"
"project.manifest.json","C:\Users\mylab\OneDrive\GitHub\ai-rtony91_Ai_Os_CLEAN\project.manifest.json","C:\Users\mylab\OneDrive\GitHub\ai-rtony91_Ai_Os_CLEAN",".json","0.11","5/4/2026 1:12:11 PM","5/4/2026 1:12:11 PM","AI_OS","REVIEW_ONLY","NO_MOVE_NO_DELETE_NO_EDIT"
"README.md","C:\Users\mylab\OneDrive\GitHub\ai-rtony91_Ai_Os_CLEAN\README.md","C:\Users\mylab\OneDrive\GitHub\ai-rtony91_Ai_Os_CLEAN",".md","1.34","5/4/2026 1:12:11 PM","5/4/2026 1:12:11 PM","AI_OS","REVIEW_ONLY","NO_MOVE_NO_DELETE_NO_EDIT"
"CODEX_REPO_MISMATCH_2026-05-04.md","C:\Users\mylab\OneDrive\GitHub\ai-rtony91_Ai_Os_CLEAN\Reports\daily\CODEX_REPO_MISMATCH_2026-05-04.md","C:\Users\mylab\OneDrive\GitHub\ai-rtony91_Ai_Os_CLEAN\Reports\daily",".md","1.54","5/4/2026 1:12:11 PM","5/4/2026 1:12:11 PM","AI_OS","REVIEW_ONLY","NO_MOVE_NO_DELETE_NO_EDIT"
"README_REPORTS_POLICY.md","C:\Users\mylab\OneDrive\GitHub\ai-rtony91_Ai_Os_CLEAN\Reports\README_REPORTS_POLICY.md","C:\Users\mylab\OneDrive\GitHub\ai-rtony91_Ai_Os_CLEAN\Reports",".md","3.5","5/4/2026 2:03:05 PM","5/4/2026 3:40:18 PM","AI_OS","REVIEW_ONLY","NO_MOVE_NO_DELETE_NO_EDIT"
"index.js","C:\Users\mylab\OneDrive\GitHub\ai-rtony91_Ai_Os_CLEAN\services\orchestrator\index.js","C:\Users\mylab\OneDrive\GitHub\ai-rtony91_Ai_Os_CLEAN\services\orchestrator",".js","1.68","5/4/2026 1:12:11 PM","5/4/2026 1:12:11 PM","AI_OS","REVIEW_ONLY","NO_MOVE_NO_DELETE_NO_EDIT"
"package.json","C:\Users\mylab\OneDrive\GitHub\ai-rtony91_Ai_Os_CLEAN\services\orchestrator\package.json","C:\Users\mylab\OneDrive\GitHub\ai-rtony91_Ai_Os_CLEAN\services\orchestrator",".json","0.4","5/4/2026 1:12:11 PM","5/4/2026 1:12:11 PM","AI_OS","REVIEW_ONLY","NO_MOVE_NO_DELETE_NO_EDIT"
"package-lock.json","C:\Users\mylab\OneDrive\GitHub\ai-rtony91_Ai_Os_CLEAN\services\orchestrator\package-lock.json","C:\Users\mylab\OneDrive\GitHub\ai-rtony91_Ai_Os_CLEAN\services\orchestrator",".json","36.09","5/4/2026 1:12:11 PM","5/4/2026 1:12:11 PM","AI_OS","REVIEW_ONLY","NO_MOVE_NO_DELETE_NO_EDIT"
"README.md","C:\Users\mylab\OneDrive\GitHub\ai-rtony91_Ai_Os_CLEAN\services\orchestrator\README.md","C:\Users\mylab\OneDrive\GitHub\ai-rtony91_Ai_Os_CLEAN\services\orchestrator",".md","0.08","5/4/2026 1:12:11 PM","5/4/2026 1:12:11 PM","AI_OS","REVIEW_ONLY","NO_MOVE_NO_DELETE_NO_EDIT"
