date,timestamp,worker_id,assigned_area,status_guess,stale_status,stale_minutes,size_bytes,path,notes
"2026-05-13","2026-05-13T18:03:23.6048046-04:00","AIOS-01-DEVOPS","DevOps","UNKNOWN","WARM","57","375","automation/operator/worker_queue/active/AIOS-01-DEVOPS.md","Local worker queue snapshot only. No execution performed."
"2026-05-13","2026-05-13T18:03:23.6048046-04:00","AIOS-02-TRADING-LAB","Trading Lab","UNKNOWN","WARM","57","467","automation/operator/worker_queue/active/AIOS-02-TRADING-LAB.md","Local worker queue snapshot only. No execution performed."
"2026-05-13","2026-05-13T18:03:23.6048046-04:00","AIOS-03-VALIDATOR","Validator","UNKNOWN","WARM","57","405","automation/operator/worker_queue/active/AIOS-03-VALIDATOR.md","Local worker queue snapshot only. No execution performed."
"2026-05-13","2026-05-13T18:03:23.6048046-04:00","AIOS-04-TELEMETRY","Telemetry","UNKNOWN","WARM","57","405","automation/operator/worker_queue/active/AIOS-04-TELEMETRY.md","Local worker queue snapshot only. No execution performed."
"2026-05-13","2026-05-13T18:03:23.6048046-04:00","AIOS-05-UI-UX","UI/UX","UNKNOWN","WARM","57","386","automation/operator/worker_queue/active/AIOS-05-UI-UX.md","Local worker queue snapshot only. No execution performed."
"2026-05-13","2026-05-13T18:03:23.6048046-04:00","AIOS-06-DOCS","Docs","UNKNOWN","WARM","57","375","automation/operator/worker_queue/active/AIOS-06-DOCS.md","Local worker queue snapshot only. No execution performed."
"2026-05-13","2026-05-13T18:03:23.6048046-04:00","AIOS-07-REPORTING","Reporting","UNKNOWN","WARM","57","394","automation/operator/worker_queue/active/AIOS-07-REPORTING.md","Local worker queue snapshot only. No execution performed."
"2026-05-13","2026-05-13T18:03:23.6048046-04:00","AIOS-08-SANDBOX","Sandbox","UNKNOWN","WARM","57","425","automation/operator/worker_queue/active/AIOS-08-SANDBOX.md","Local worker queue snapshot only. No execution performed."
"2026-05-13","2026-05-13T18:19:34.1525061-04:00","AIOS-01-DEVOPS","DevOps","UNKNOWN","WARM","73","375","automation/operator/worker_queue/active/AIOS-01-DEVOPS.md","Local worker queue snapshot only. No execution performed."
"2026-05-13","2026-05-13T18:19:34.1525061-04:00","AIOS-02-TRADING-LAB","Trading Lab","UNKNOWN","WARM","73","467","automation/operator/worker_queue/active/AIOS-02-TRADING-LAB.md","Local worker queue snapshot only. No execution performed."
"2026-05-13","2026-05-13T18:19:34.1525061-04:00","AIOS-03-VALIDATOR","Validator","UNKNOWN","WARM","73","405","automation/operator/worker_queue/active/AIOS-03-VALIDATOR.md","Local worker queue snapshot only. No execution performed."
"2026-05-13","2026-05-13T18:19:34.1525061-04:00","AIOS-04-TELEMETRY","Telemetry","UNKNOWN","WARM","73","405","automation/operator/worker_queue/active/AIOS-04-TELEMETRY.md","Local worker queue snapshot only. No execution performed."
"2026-05-13","2026-05-13T18:19:34.1525061-04:00","AIOS-05-UI-UX","UI/UX","UNKNOWN","WARM","73","386","automation/operator/worker_queue/active/AIOS-05-UI-UX.md","Local worker queue snapshot only. No execution performed."
"2026-05-13","2026-05-13T18:19:34.1525061-04:00","AIOS-06-DOCS","Docs","UNKNOWN","WARM","73","375","automation/operator/worker_queue/active/AIOS-06-DOCS.md","Local worker queue snapshot only. No execution performed."
"2026-05-13","2026-05-13T18:19:34.1525061-04:00","AIOS-07-REPORTING","Reporting","UNKNOWN","WARM","73","394","automation/operator/worker_queue/active/AIOS-07-REPORTING.md","Local worker queue snapshot only. No execution performed."
"2026-05-13","2026-05-13T18:19:34.1525061-04:00","AIOS-08-SANDBOX","Sandbox","UNKNOWN","WARM","73","425","automation/operator/worker_queue/active/AIOS-08-SANDBOX.md","Local worker queue snapshot only. No execution performed."
